smiles,status
COc1ccc2c(c1)c(CC(=O)OCC(=O)O)c(n2C(=O)c1ccc(cc1)Cl)C,-5.141787994
NCC(c1ccc(cc1)Cl)CC(=O)O,-5.205873169
C=CCN1CC(CC2C1Cc1c[nH]c3c1c2ccc3)C(=O)N(C(=O)NCC)CCCN(C)C,-7.353596274
CN(NN=C1N=CN=C1C(=O)N)C,-4.607295812
CCOP(=O)(SCC[N+](C)(C)C)OCC,-6.186070395
CC(=O)OCC(CCn1cnc2c1nc(N)nc2)COC(=O)C,-4.109013631
Clc1ccc2c(c1)C(=NCC(=O)N2CC(F)(F)F)c1ccccc1,-5.120941208
CC(CCc1ccccc1)NCC(c1ccc(c(c1)C(=O)N)O)O,-3.914350378
CCCCCCC(c1cc(O)c2c(c1)OC(C1C2CC(=O)CC1)(C)C)(C)C,-6.571173878
CN1CCN(CC1)C1=c2cc(sc2=Nc2c(N1)cccc2)C,-6.096816195
CC(=O)OC1C(=O)C2(C)C(O)CC3C(C2C(C2(C(C1=C(C)C(OC(=O)C(C(c1ccccc1)NC(=O)c1ccccc1)O)C2)(C)C)O)OC(=O)c1ccccc1)(CO3)OC(=O)C,-5.256548996
OCCOCCN1CCN(CC1)C1=Nc2ccccc2Sc2c1cccc2,-4.459921768
NC(=O)c1ccccc1O,-3.500663486
CCC(C1(CC=C)C(=O)NC(=O)NC1=O)C,-4.828300497
CC(=O)CC(c1c(=O)oc2c(c1O)cccc2)c1ccc(cc1)[N+](=O)[O-],-6.247144974
CC(=O)Nc1ccc(cc1)O,-3.480474234
CC(=O)Nc1ccccc1,-4.431888332
CC(=O)Nc1nnc(s1)S(=O)(=O)N,-4.124116388
O=C(NS(=O)(=O)c1ccc(cc1)C(=O)C)NC1CCCCC1,-4.113134531
CC(=O)NO,-3.652730275
OCCN1CCN(CC1)CCCN1c2ccccc2Sc2c1cc(cc2)C(=O)C,-4.614433422
CC(=O)NS(=O)(=O)c1cc(N)ccc1S(=O)(=O)c1ccc(cc1)N,-3.743389856
CC(=O)Nc1c(I)cc(c(c1I)C(=O)O)I,-3.745747778
SCC(C(=O)O)NC(=O)C,-4.212706476
CC(=O)OC1CC(OC2C(O)CC(OC2C)OC2C(O)CC(OC2C)OC2CCC3(C(C2)CCC2C3CCC3(C2(O)CCC3C2=CC(=O)OC2)C)C)OC(C1O)C,-8.384049948
CN(CCCN1c2ccccc2Sc2c1cc(cc2)C(=O)C)C,-6.337733103
COc1cc(C)c(c(c1C)C)C=CC(=CC=CC(=CC(=O)O)C)C,-5.416879161
COC(=O)C1c2cc3c(c(c2C(CC1(O)CC)OC1OC(C)C(C(C1)N(C)C)OC1CC(O)C(C(O1)C)OC1CCC(=O)C(O1)C)O)C(=O)c1c(C3=O)cccc1O,-5.478121617
OC(=O)C=Cc1cccc(n1)C(=CCN1CCCC1)c1ccc(cc1)C,-5.815398503
Nc1nc(=O)c2c([nH]1)n(COCCO)cn2,-4.228725674
Nc1ncnc2c1[nH]cn2,-3.954649912
OCC1OC(C(C1O)O)n1cnc2c1ncnc2N,-5.125873613
OC1C(COP(=O)(OP(=O)(OP(=O)(O)O)O)O)OC(C1O)n1cnc2c1ncnc2N,-6.404132997
OC1C(O)C(OC1n1cnc2c1ncnc2N)COP(=O)(O)O,-6.018162025
CCN(CCOC(=O)C(c1ccccc1)c1ccccc1)CC,-4.618282448
FCc1nc2ccc(cc2c(=O)n1c1ccccc1C)N,-5.452246973
CCCSc1ccc2c(c1)[nH]c(n2)NC(=O)OC,-4.299936991
OCc1cc(ccc1O)C(CNC(C)(C)C)O,-5.652234962
C=CCN1C(=S)NC(C1=O)CC(C)C,-3.724914223
C=CCOc1ccc(cc1Cl)CC(=O)O,-5.132651209
OCC(=O)C1CCC2C1(C=O)CC(O)C1C2CCC2=CC(=O)CCC12C,-7.63638802
NCCCC(P(=O)(O)O)(P(=O)(O)O)O,-5.572240989
CC(CCCC(C1CCC2C1(C)CCCC2=CC=C1CC(O)CC(C1=C)O)C)C,-8.125518182
COCC1(CCN(CC1)CCn1nnn(c1=O)CC)N(c1ccccc1)C(=O)CC,-6.230466835
C=CCN(c1c(Cl)cccc1Cl)C1=NCCN1,-5.307765741
C=CCC1(CC=C)C(=O)NC(=O)NC1=O,-4.796065444
O=c1ncnc2-c1c[nH][nH]2,-4.010043051
C=CCC1(O)CCC2C1(C)CCC1C2CCC2=CCCCC12,-6.079872932
CCC(=O)OC1(CCN(CC1C)C)c1ccccc1,-5.718267987
OC1CCC2(C(C1)CCC1C2C(=O)CC2(C1CCC2C(=O)C)C)C,-5.692457808
Clc1ccc2-n3c(CN=C(c2c1)c1ccccc1)nnc3C,-6.266911481
CCCCCC(C=CC1C(O)CC(=O)C1CCCCCCC(=O)O)O,-9.549750892
CN(c1nc(nc(n1)N(C)C)N(C)C)C,-4.589599485
NC12CC3CC(C2)CC(C1)C3,-4.355565759
NC(=NNc1ccc(cc1)N=NC(=S)N)N,-6.152553503
OC1CCC(CC1)NCc1cc(Br)cc(c1N)Br,-5.276579909
OC(=O)C1N2C(=O)C(C2SC1(C)C)N=CN1CCCCCC1,-4.336361549
NCCCNCCSP(=O)(O)O,-3.939930909
NCCC(C(=O)NC1CC(N)C(C(C1OC1OC(CO)C(C(C1O)N)O)O)OC1OC(CN)C(C(C1O)O)O)O,-4.591511678
NCCCCCC(=O)O,-2.816814191
OC(=O)CCC(C(=O)O)NC(=O)c1ccc(cc1)NCc1cnc2c(n1)c(N)nc(n2)N,-7.723538196
CCC1(CCC(=O)NC1=O)c1ccc(cc1)N,-4.143292243
O=C(c1ccc(cc1)N)NCC(=O)O,-4.288220823
Nc1ccc(c(c1)O)C(=O)O,-2.884045545
CCCCc1oc2c(c1C(=O)c1cc(I)c(c(c1)I)OCCN(CC)CC)cccc2,-4.383258211
CC(=O)Nc1ccc(cc1)C=NNC(=S)N,-4.97551173
CN(CCC=C1c2ccccc2CCc2c1cccc2)C,-4.74414165
CC(c1ccc2c(c1)c(=O)c1c(o2)nc(c(c1)C(=O)O)N)C,-5.076703577
NCCOCC1=C(C(=O)OCC)C(C(=C(N1)C)C(=O)OC)c1ccccc1Cl,-6.388875031
CCN(Cc1cc(ccc1O)Nc1ccnc2c1ccc(c2)Cl)CC,-5.028836381
Clc1ccc2c(c1)C(=Nc1c(O2)cccc1)N1CCNCC1,-4.496627238
O=C(C(c1ccc(cc1)O)N)NC1C(=O)N2C1SC(C2C(=O)O)(C)C,-4.164833479
OC1CCC(O)C(O)CC(O)CC2(O)CC(O)C(C(O2)CC(C=CC=CC=CC=CC=CC=CC=CC(C(C(C(OC(=O)CC(C1)O)C)C)O)C)OC1OC(C)C(C(C1O)N)O)C(=O)O,-5.789617851
NC(c1ccccc1)C(=O)NC1C(=O)N2C1SC(C2C(=O)O)(C)C,-3.777660262
O=c1[nH]cc(cc1N)c1ccncc1,-5.397239848
COc1cc(ccc1Nc1c2ccccc2nc2c1cccc2)NS(=O)(=O)C,-5.084354319
N#CC(c1cc(cc(c1)C(C#N)(C)C)Cn1ncnc1)(C)C,-7.244887734
OCC1OC2C(C1O)Oc1n2ccc(=N)n1,-4.051540975
OC1CCC2(C(=CCC3C2CCC2(C3CCC2O)C)C1)C,-5.065116868
CCOC(=O)C1(CCN(CC1)CCc1ccc(cc1)N)c1ccccc1,-5.024677826
COc1ccc(cc1)C1C(=O)c2c(C1=O)cccc2,-4.702886444
c1ccc(cc1)CN(c1ccccc1)CC1=NCCN1,-4.724853768
CN1CCc2c3C1Cc1ccc(c(c1-c3ccc2)O)O,-5.204318848
CCN(CCCN(C1Cc2c(C1)cccc2)c1ccccc1)CC,-4.809542208
C=CCC1(C(C)C)C(=O)NC(=O)NC1=O,-4.896182933
COC(=O)C1=CCCN(C1)C,-6.66843159
OC(=O)C(CCCN=C(N)N)N,-2.54208054
OC(CSc1scc(n1)c1ccc(s1)C(=O)N)CNC(C)(C)C,-6.047562664
OCC(C1OC(=O)C(=C1O)O)O,-3.245818812
OC(=O)CC(C(=O)O)N,-3.1241868
CC(=O)Oc1ccccc1C(=O)O,-3.43152632
COc1ccc(cc1)CCN1CCC(CC1)Nc1nc2c(n1Cc1ccc(cc1)F)cccc2,-6.438689491
COC1C(O)C(N)C(C(C1N(C(=O)CN)C)O)OC1OC(CCC1N)C(N)C,-4.783853982
CNC1C(O)C(OC2OC(CCC2N)C(N)C)C(C(C1OC)O)N,-4.718000152
CN1CCCC(=C(c2cccs2)c2cccs2)C1,-4.741044675
CCN(CCCC(Nc1c2cc(OC)ccc2nc2c1ccc(c2)Cl)C)CC,-4.90304307
OC(COc1ccc(cc1)CC(=O)N)CNC(C)C,-4.90298577
Clc1ccc(cc1)C1CCC(CC1)C1=C(O)c2c(C(=O)C1=O)cccc2,-3.990442398
COc1cc2c(cc1OC)CC[N+](C2Cc1ccc(c(c1)OC)OC)(C)CCC(=O)OCCCCCOC(=O)CC[N+]1(C)CCc2c(C1Cc1ccc(c(c1)OC)OC)cc(c(c2)OC)OC,-6.26911348
OCC(c1ccccc1)C(=O)OC1CC2CCC(C1)N2C,-8.337242168
OCC(c1ccccc1)C(=O)OC1CC2CCC(C1)[N+]2([O-])C,-6.785854686
OCC1OC(C(C1O)O)n1cnc(nc1=O)N,-4.080257927
CCCC1C(=O)N2N(C1=O)c1cc(C)ccc1N=C2N(C)C,-4.000514464
CN1CCC(=C2c3ccccc3CCc3c2nccc3)CC1,-6.94055549
Cn1cnc(c1Sc1ncnc2c1[nH]cn2)[N+](=O)[O-],-4.74392124
CN1CCCC(CC1)n1nc(Cc2ccc(cc2)Cl)c2c(c1=O)cccc2,-6.458096266
O=C(C(c1ccccc1)NC(=O)N1CCNC1=O)NC1C(=O)N2C1SC(C2C(=O)O)(C)C,-3.664163725
CC1C(NC(=O)C(=NOC(C(=O)O)(C)C)c2csc(n2)N)C(=O)N1S(=O)(=O)O,-3.515069469
OCCN(CCn1c(Cc2ccccc2)nc2c1c(=O)n(C)c(=O)n2C)CC,-4.108858141
CCC1(CC)C(=O)NC(=O)NC1=O,-4.265271895
CCN(CCOC(=O)C(c1ccccc1)(c1ccccc1)O)CC,-6.339010496
CCOC(=O)C(NC1CCc2c(N(C1=O)CC(=O)O)cccc2)CCc1ccccc1,-5.504015332
CN(CCCOC1(CCCCCC1)Cc1ccccc1)C,-4.461581866
O=S1(=O)NC(Cc2ccccc2)Nc2c1cc(c(c2)C(F)(F)F)S(=O)(=O)N,-6.102265303
COC(=O)C1=C(C)NC(=C(C1c1cccc(c1)[N+](=O)[O-])C(=O)OC1CCCN(C1)Cc1ccccc1)C,-6.579922988
CC(=O)Nc1ccc(cc1)OC(=O)c1ccccc1OC(=O)C,-3.372115255
OC(=O)C(c1ccc2c(c1)nc(o2)c1ccc(cc1)Cl)C,-4.479610389
OCC(C(=O)NNCc1ccc(c(c1O)O)O)N,-4.88789967
CCc1oc2c(c1C(=O)c1cc(Br)c(c(c1)Br)O)cccc2,-4.928481248
CCOC(=O)c1ccc(cc1)N,-5.13880022
CNCC12CCC(c3c1cccc3)c1c2cccc1,-5.396809651
COCCOCCOCCOCCOCCOCCOCCOCCOCCOC(=O)c1ccc(cc1)NCCCC,-4.780851331
CN(C(Cc1ccccc1)C)Cc1ccccc1,-4.981103112
CCN(C(=O)C1CN2CCc3c(C2CC1OC(=O)C)cc(c(c3)OC)OC)CC,-5.986782331
Clc1cc2NC(=NS(=O)(=O)c2cc1S(=O)(=O)N)CSCc1ccccc1,-5.112976536
CN1C2CCC1CC(C2)OC(c1ccccc1)c1ccccc1,-6.487745256
OCc1ccccc1,-4.335007606
CC(COCC(N1CCCC1)CN(c1ccccc1)Cc1ccccc1)C,-4.739995008
CC(=CC=CC=C(C=CC=C(C=CC1=C(C)CCCC1(C)C)C)C)C=CC=C(C=CC1=C(C)CCCC1(C)C)C,-7.031050319
CNCCc1ccccn1,-5.231068881
OC(=O)C[N+](C)(C)C,-4.148083686
CC(=O)OCC(=O)C1(OC(=O)C(C)C)C(C)CC2C1(C)CC(O)C1(C2CCC2=CC(=O)C=CC12C)F,-6.526845298
OCC(=O)C1(OC(=O)c2ccccc2)C(C)CC2C1(C)CC(O)C1(C2CCC2=CC(=O)C=CC12C)F,-6.519886701
CCCC(=O)OC1(C(C)CC2C1(C)CC(O)C1(C2CCC2=CC(=O)C=CC12C)F)C(=O)COC(=O)CC,-6.538753111
CCCCC(=O)OC1(C(C)CC2C1(C)CC(O)C1(C2CCC2=CC(=O)C=CC12C)F)C(=O)CO,-6.502042257
OC(COc1ccc(cc1)CCOCC1CC1)CNC(C)C,-5.663617233
NCCc1ccn[nH]1,-5.346920121
CC(C[N+](C)(C)C)OC(=O)N,-4.684980286
CNC(=NC)NCc1ccccc1,-4.7261327
N#Cc1ccc(cc1C(F)(F)F)NC(=O)C(CS(=O)(=O)c1ccc(cc1)F)(O)C,-5.71320039
OC(=O)CCCCC1SCC2C1NC(=O)N2,-7.866461092
OC(C1CC2CC1C=C2)(c1ccccc1)CCN1CCCCC1,-6.192373761
CC(=O)Oc1ccc(cc1)C(c1ccccn1)c1ccc(cc1)OC(=O)C,-6.160036796
OC(COc1ccc(cc1)COCCOC(C)C)CNC(C)C,-5.990030755
Cc1ccc(cc1)C(=O)Oc1cc(ccc1OC(=O)c1ccc(cc1)C)C(CNC(C)(C)C)O,-7.095825632
O=C(c1ccccc1)OC(COc1cccc2c1cc([nH]2)C)CNC(C)(C)C,-7.35753548
Brc1cc(CN(C2CCCCC2)C)c(c(c1)Br)N,-5.672247976
CC(CC1C(=O)N2CCCC2C2(N1C(=O)C(O2)(NC(=O)C1CN(C)C2C(=C1)c1cccc3c1c(C2)c([nH]3)Br)C(C)C)O)C,-5.593255881
CN(CCOC(c1ccc(cc1)Br)c1ccccc1)C,-5.126132447
BrC(Br)Br,-4.004717888
Fc1ccc(cc1)C(=O)CCCN1CCC(CC1)(O)c1ccc(cc1)Br,-5.702930115
Brc1cc2c(-n3c(CN=C2c2ccccc2Cl)nnc3C)s1,-7.974694135
OCC1=CC(=NNc2ccc(c3c2cccc3)S(=O)(=O)O)C(=O)C(=NNc2ccc(c3c2cccc3)S(=O)(=O)O)C1=O,-5.608240047
Clc1ccc(cc1)C(c1ccccc1)N1CCN(CC1)Cc1ccc(cc1)C(C)(C)C,-5.238575991
OC(=O)CCC(=O)c1ccc(c(c1)Cl)C1CCCCC1,-4.168458089
CCCC1OC2C(O1)(C(=O)CO)C1(C(C2)C2CCC3=CC(=O)C=CC3(C2C(C1)O)C)C,-7.995678626
COc1cc(OC)cc(c1C(=O)CCCN1CCCC1)OC,-4.487682247
CCCCC(C(=O)N(c1ccccc1)Nc1ccccc1)C(=O)O,-4.472343587
CCCCNc1cc(cc(c1Oc1ccccc1)S(=O)(=O)N)C(=O)O,-6.338881085
CCCC(=O)N1CCCN(CC1)c1nc(N)c2c(n1)cc(c(c2)OC)OC,-6.873261726
N#Cc1ccccc1OCC(CNC(C)(C)C)O,-5.570887265
OC(COc1cccc2c1CCCC2=O)CNC(C)(C)C,-6.06652763
CCCCN1CCCCC1C(=O)Nc1c(C)cccc1C,-4.886005714
OC(COc1cc(C)ccc1Cl)CNC(C)(C)C,-4.610096422
COC12CCC3(CC1C(C(C)(C)C)(O)C)C14C2Oc2c4c(CC3N(CC1)CC1CC1)ccc2O,-7.493494968
Clc1cccc(c1)C(=O)C(NC(C)(C)C)C,-4.504681248
O=C1CC2(CCCC2)CC(=O)N1CCCCN1CCN(CC1)c1ncccn1,-5.58602792
CS(=O)(=O)OCCCCOS(=O)(=O)C,-6.267615874
CCC(C1(CC)C(=O)NC(=O)NC1=O)C,-5.025808782
CCCCN(CCCC)CCNc1onc(n1)c1ccccc1,-4.898232921
C=CCC1(CC(C)C)C(=O)NC(=O)NC1=O,-4.651774725
CCCC(=O)c1ccc2c(c1)N(CCCN1CCN(CC1)C)c1c(S2)cccc1,-5.389630149
CC(CC1Nc2cc(Cl)c(cc2S(=O)(=O)N1)S(=O)(=O)N)C,-6.150873583
Oc1ccc2c(c1)C13CCCCC3(C(C2)N(CC1)CC1CCC1)O,-6.088647606
CN(CC(CC1c2ccccc2CCc2c1cccc2)C)C,-5.06958786
Oc1ccc(c(c1)C(C)(C)C)O,-5.91964534
Cn1cnc2c1c(=O)n(C)c(=O)n2C,-4.288228181
OC1CCC(=C)C(=CC=C2CCCC3(C2CCC3C(CCCC(O)(C)C)C)C)C1,-8.080398976
OC1CC(O)C(=C)C(=CC=C2CCCC3(C2CCC3C(CCCC(O)(C)C)C)C)C1,-9.920818754
O=C1CCC2(C(=C1)CC(C1C2CCC2(C1CCC2(C)O)C)C)C,-4.801372945
COc1c(OC)ccc2c1CN1CCc3c(C1C2)cc1c(c3)OCO1,-4.008248449
CCOc1nc2c(n1Cc1ccc(cc1)c1ccccc1c1n[nH]nn1)c(ccc2)C(=O)O,-6.217389297
OC(=O)CCC1(O)CCC2C1(C)CCC1C2C=CC2=CC(=O)CCC12C,-4.430602629
CC(=CC=CC=C(C=CC=C(C=CC1=C(C)C(=O)CCC1(C)C)C)C)C=CC=C(C=CC1=C(C)C(=O)CCC1(C)C)C,-4.353985182
CCC(C(=O)NC(=O)N)C(CC)C,-4.445973735
CCN(CCOC(=O)C1(CCCC1)c1ccccc1)CC,-4.762547251
NC(=O)N1c2ccccc2C=Cc2c1cccc2,-3.94689471
NC(=O)NN=C1C=C2C(O)CN(C2=CC1=O)C,-4.896208795
O=C(OC1CCC2(C(C1(C)C)CCC1(C2C(=O)C=C2C1(C)CCC1(C2CC(C)(CC1)C(=O)O)C)C)C)CCC(=O)O,-5.05748093
CCN(CCOCCOC(=O)C1(CCCC1)c1ccccc1)CC,-5.222020314
NNC(C(=O)O)(Cc1ccc(c(c1)O)O)C,-5.433903581
CCOC(=O)n1ccn(c1=S)C,-5.270053141
CN(CCOC(c1ccccn1)c1ccc(cc1)Cl)C,-5.86151628
OC(=O)CSCC(C(=O)O)N,-3.679292826
CCCCCC(C=CC1C(O)CC(C1CC=CCCCC(=O)O)O)(O)C,-6.265416383
CCC(C(=O)NC(=O)N)(CC)Br,-4.152204679
CCCCNC(=O)NS(=O)(=O)c1ccc(cc1)N,-4.210790899
NC1CC(OC(C1O)C)OC1CC(O)(Cc2c1c(O)c1c(c2O)C(=O)c2c(C1=O)c(O)ccc2)C(=O)C,-5.88058806
ClCCNC(=O)N(CCCl)N=O,-6.409869947
OCCN1CCN(CC1)CCCN1c2ccccc2Sc2c1cc(cc2)C(=O)CC,-4.804862346
OC(COc1cccc2c1CCC(=O)N2)CNC(C)(C)C,-6.243221327
COc1ccccc1OCCNCC(COc1cccc2c1c1ccccc1[nH]2)O,-5.988896973
NC(c1ccccc1)C(=O)NC1C(=O)N2C1SCC(=C2C(=O)O)Cl,-4.167680407
O=C(C(c1ccc(cc1)O)N)NC1C(=O)N2C1SCC(=C2C(=O)O)C,-4.337654433
OC(C(=O)NC1C(=O)N2C1SCC(=C2C(=O)O)CSc1nnnn1C)c1ccccc1,-3.665114282
O=C(C(c1ccc(cc1)O)N)NC1C(=O)N2C1SCC(=C2C(=O)O)CSc1n[nH]nc1,-4.44239782
O=C(NC1C(=O)N2C1SCC(=C2C(=O)O)CSc1nnc(s1)C)Cn1cnnn1,-3.833414895
Nc1nc(cs1)C(=NOCC(=O)O)C(=O)NC1C2SCC(=C(N2C1=O)C(=O)O)C=C,-4.532677382
CON=C(C(=O)NC1C(=O)N2C1SCC(=C2C(=O)O)CSc1nnnn1C)c1csc(n1)N,-3.884769446
N#CCSCC(=O)NC1(OC)C(=O)N2C1SCC(=C2C(=O)O)CSc1nnnn1C,-3.673513354
CON=C(c1csc(n1)N)C(=O)NC1C(=O)N2C1SCC(=C2C(=O)O)CSc1nc(c(s1)CC(=O)O)C,-4.244465685
O=C(C(c1ccccc1)O)NC1C(=O)N2C1SCC(=C2C(=O)O)CSc1nnnn1CS(=O)(=O)O,-4.51173604
CCN1CCN(C(=O)C1=O)C(=O)NC(c1ccc(cc1)O)C(=O)NC1C(=O)N2C1SCC(=C2C(=O)O)CSc1nnnn1C,-3.50897885
NCc1ccccc1CC(=O)NC1C(=O)N2C1SCC(=C2C(=O)O)CSc1nnnn1CC(=O)O,-4.193186493
CON=C(c1csc(n1)N)C(=O)NC1C(=O)N2C1SCC(=C2C(=O)O)COC(=O)C,-3.357425462
COC1(NC(=O)C2SC(=C(C(=O)O)C(=O)N)S2)C(=O)N2C1SCC(=C2C(=O)O)CSc1nnnn1C,-3.936009272
CN(CCn1nnnc1SCC1=C(C(=O)O)N2C(SC1)C(C2=O)NC(=O)Cc1csc(n1)N)C,-3.720678583
COC1(NC(=O)Cc2cccs2)C(=O)N2C1SCC(=C2C(=O)O)COC(=O)N,-3.329857439
CON=C(c1csc(n1)N)C(=O)NC1C2SCC(=C(N2C1=O)C(=O)O)COC,-4.630890777
COCC1=C(C(=O)OC(OC(=O)OC(C)C)C)N2C(SC1)C(C2=O)NC(=O)C(=NOC)c1csc(n1)N,-4.746320569
CC=CC1=C(C(=O)O)N2C(SC1)C(C2=O)NC(=O)C(c1ccc(cc1)O)N,-4.367707971
O=C(C(S(=O)(=O)O)c1ccccc1)NC1C(=O)N2C1SCC(=C2C(=O)O)C[n+]1ccc(cc1)C(=O)N,-3.72635729
O=C1C(NC(=O)C(=NOC(C(=O)O)(C)C)c2csc(n2)N)C2N1C(=C(CS2)C[n+]1ccccc1)C(=O)O,-3.613798981
O=C(NC1C(=O)N2C1SCC(=C2C(=O)O)CSc1nncs1)Cn1cnnn1,-3.819800932
CON=C(c1csc(n1)N)C(=O)NC1C2SCC=C(N2C1=O)C(=O)O,-3.583655292
CON=C(c1csc(n1)N)C(=O)NC1C(=O)N2C1SCC(=C2C(=O)O)CSc1nc(=O)c(=O)[nH]n1C,-3.919838307
CON=C(C(=O)NC1C(=O)N2C1SCC(=C2C(=O)O)COC(=O)N)c1ccco1,-4.405043789
CON=C(c1ccco1)C(=O)NC1C(=O)N2C1SCC(=C2C(=O)OC(OC(=O)C)C)COC(=O)N,-4.485257556
Cc1ccc(cc1)c1cc(nn1c1ccc(cc1)S(=O)(=O)N)C(F)(F)F,-4.757223153
CCN(C(=O)Nc1ccc(c(c1)C(=O)C)OCC(CNC(C)(C)C)O)CC,-4.755078748
CC(=O)OCC1=C(N2C(SC1)C(C2=O)NC(=O)CC#N)C(=O)O,-3.530614335
NC(c1ccccc1)C(=O)NC1C(=O)N2C1SCC(=C2C(=O)O)C,-3.716690066
CC(=O)OCC1=C(C(=O)O)N2C(SC1)C(C2=O)NC(=O)C(c1ccccc1)N,-4.085466249
O=C(NC1C(=O)N2C1SCC(=C2C(=O)O)C[n+]1ccccc1)Cc1cccs1,-3.79443054
CC(=O)OCC1=C(C(=O)O)N2C(SC1)C(C2=O)NC(=O)Cc1cccs1,-3.59817532
O=C(NC1C(=O)N2C1SCC(=C2C(=O)O)COC(=O)C)CSc1ccncc1,-3.62681586
O=C(C(C1=CCC=CC1)N)NC1C(=O)N2C1SCC(=C2C(=O)O)C,-3.719202971
COCc1c(c2ccc(cc2)F)c(C=CC(CC(CC(=O)O)O)O)c(nc1C(C)C)C(C)C,-7.962573502
OC(=O)COCCN1CCN(CC1)C(c1ccc(cc1)Cl)c1ccccc1,-4.364515037
CC1SCC2(O1)CN1CCC2CC1,-4.822414546
CN(CCC(c1ccccc1Cl)(c1ccccc1)O)C,-5.23938161
OCC(C1OC2C(C1O)OC(O2)C(Cl)(Cl)Cl)O,-4.570055403
ClCCN(c1ccc(cc1)CCCC(=O)O)CCCl,-6.182146574
OCC(C(c1ccc(cc1)[N+](=O)[O-])O)NC(=O)C(Cl)Cl,-3.509376434
CN=C1CN(O)C(=c2c(=N1)ccc(c2)Cl)c1ccccc1,-5.254049762
CC(N=C(N=C(Nc1ccc(cc1)Cl)N)N)C,-4.881929691
CC(CC(O)(C)C)OC(C(Cl)(Cl)Cl)O,-3.997654506
O=C1CCC2(C(=C1)C(=CC1C2CCC2(C1CCC2(OC(=O)C)C(=O)C)C)Cl)C,-7.085128182
CN1C(=O)CCS(=O)(=O)C1c1ccc(cc1)Cl,-4.613205892
CCN(CCOC(=O)c1ccc(cc1Cl)N)CC,-4.511931741
Clc1cc2NC=NS(=O)(=O)c2cc1S(=O)(=O)N,-3.948441222
Clc1cc(Cl)c2c(c1O)nccc2,-3.506385543
OC(COC(=O)N)COc1ccc(cc1)Cl,-3.788273714
CN(CCC(c1ccccn1)c1ccc(cc1)Cl)C,-6.315146849
OCCN(C(=O)C(Cl)Cl)Cc1ccc(cc1)Oc1ccc(cc1)[N+](=O)[O-],-4.027186832
CC(Cc1ccc(cc1)Cl)(N)C,-5.230633055
NC(=NC(=NC(C)C)N)Nc1ccc(c(c1)Cl)Cl,-5.937214013
CN(CCCN1c2ccccc2Sc2c1cc(Cl)cc2)C,-4.280889223
CCCNC(=O)NS(=O)(=O)c1ccc(cc1)Cl,-4.345161641
CN(CCC=C1c2ccccc2Sc2c1cc(Cl)cc2)C,-4.9770507
CN(C1C(=O)C(=C(C2(C1CC1C(=C(O)c3c(C1(C)O)c(Cl)ccc3O)C2=O)O)O)C(=O)N)C,-4.157782112
O=C1NC(c2c1cccc2)(O)c1ccc(c(c1)S(=O)(=O)N)Cl,-5.609254981
Clc1ccc2c(c1)[nH]c(=O)o2,-3.70689239
Nc1c(N=Nc2ccc(cc2)c2ccc(cc2)N=Nc2cc(c3c(c2N)cccc3)S(=O)(=O)O)cc(c2c1cccc2)S(=O)(=O)O,-5.240682052
OCC1OC(C(C(C1O)O)O)c1c(O)c2c(c(c1O)O)C(=O)c1c(C2=O)c(C)c(c(c1)O)C(=O)O,-4.771661039
Oc1cc2OC(c3ccc(c(c3)O)O)C(Cc2c(c1)O)O,-3.940355017
c1ccc(cc1)C1(CC1C1=NCCN1)c1ccccc1,-4.605965924
N#CNC(=NC)NCCSCc1nc[nH]c1C,-3.799924799
c1ccc(cc1)C=CCN1CCN(CC1)C(c1ccccc1)c1ccccc1,-4.992422629
CCn1nc(C(=O)O)c(=O)c2c1cc1OCOc1c2,-4.195946361
OC(=O)C(Oc1ccc(cc1)C1CC1(Cl)Cl)(C)C,-5.238413424
Fc1cc2c(cc1N1CCNCC1)n(cc(c2=O)C(=O)O)C1CC1,-4.396424219
COC1CN(CCCOc2ccc(cc2)F)CCC1NC(=O)c1cc(Cl)c(cc1OC)N,-5.544483443
N#Cc1ccc2c(c1)COC2(CCCN(C)C)c1ccc(cc1)F,-5.511070055
OC(=O)C(CC(=O)O)(CC(=O)O)O,-3.283580535
OCC1OC(CC1O)n1cnc2c1nc(Cl)nc2N,-6.501647939
CCC1OC(=O)C(C)C(OC2CC(C)(OC)C(C(O2)C)O)C(C)C(OC2OC(C)CC(C2O)N(C)C)C(CC(C(=O)C(C(C1(C)O)O)C)C)(C)OC,-4.953229516
OC(=O)C1N2C(OC1=CCO)CC2=O,-4.503323758
COc1cc(N)c(cc1C(=O)NC1CCN(CC1)Cc1ccccc1)Cl,-7.174573882
Clc1ccc(cc1)C(c1ccccc1)(OCCC1CCCN1C)C,-6.409315039
OC(c1cc(Cl)c(c(c1)Cl)N)CNC(C)(C)C,-8.442492798
OC(=O)C1CCc2c1cc(Cl)c(c2)C1CCCCC1,-5.570190785
CCCC1CN(C(C1)C(=O)NC(C1OC(SC)C(C(C1O)O)O)C(Cl)C)C,-4.151250324
Ic1cc(Cl)c2c(c1O)nccc2,-4.087070595
CC(C(Cc1ccc(cc1)Cl)(O)C)CN(C)C,-4.805812653
Clc1ccc(cc1)Nc1cc2-c(cc1=NC(C)C)n(c1c(n2)cccc1)c1ccc(cc1)Cl,-5.152780699
CCOC(=O)C(Oc1ccc(cc1)Cl)(C)C,-3.862623199
CN(C(=O)CCCOC(=O)C(Oc1ccc(cc1)Cl)(C)C)C,-3.862400649
Cc1ncsc1CCCl,-4.402402237
CCN(CCOc1ccc(cc1)C(=C(c1ccccc1)Cl)c1ccccc1)CC,-5.385766366
CN(CCCN1c2ccccc2CCc2c1cc(Cl)cc2)C,-4.877970843
O=C1CN=C(c2c(N1)ccc(c2)[N+](=O)[O-])c1ccccc1Cl,-6.375438334
Clc1cccc(c1NC1=NCCN1)Cl,-6.759845038
CC1CCCC(N1NC(=O)c1ccc(c(c1)S(=O)(=O)N)Cl)C,-5.538881363
COC(=O)C(c1ccccc1Cl)N1CCc2c(C1)ccs2,-5.410705366
OCC(=O)C1(O)CCC2C1(C)CC(O)C1C2C=C(C2=CC(=O)C=CC12C)Cl,-6.276189069
Clc1ccccc1CC(N)(C)C,-5.343411809
CN1CCN(CC1)C1=Nc2ccccc2Sc2c1cc(Cl)cc2,-6.138458839
CCc1sc2c(c1)C(=NCC(=O)N2C)c1ccccc1Cl,-5.503547042
OC(=O)C1N2C(=O)C(C2SC1(C)C)NC(=O)c1c(C)onc1c1ccccc1Cl,-4.116924014
O=C1Nc2ccc(cc2C2(N(C1)CCO2)c1ccccc1Cl)Cl,-6.242058231
CN1CCN(CC1)C1=c2ccccc2=Nc2c(N1)cc(Cl)cc2,-4.338221699
COc1ccc2c3c1OC1C43CCN(C(C2)C4C=CC1O)C,-4.698048671
OCC(=O)C1(O)CCC2C1(C)CC(=O)C1C2CCC2=CC(=O)CCC12C,-4.85786782
CC(=O)OCC(=O)C1(O)CCC2C1(C)CC(=O)C1C2CCC2=CC(=O)CCC12C,-4.905775045
O=c1ccc2c(o1)cccc2,-4.942060774
OC(COc1cccc2c1c(=O)cc(o2)C(=O)O)COc1cccc2c1c(=O)cc(o2)C(=O)O,-4.546734211
OC(=O)C1N2C(=O)C(C2SC1(C)C)NC(=O)C1(N)CCCCC1,-4.010852128
CC1CC(OC(=O)C(c2ccccc2)O)CC(C1)(C)C,-4.014980674
Oc1ccc2c(c1)C1(C)CCN(C(C2)C1C)CC1CC1,-6.60947953
CN1CCN(CC1)C(c1ccccc1)c1ccccc1,-4.90305849
CCC1(C2=CCCCC2)C(=O)NC(=O)NC1=O,-4.549277307
CC(=O)Oc1ccc(cc1)C(=C1CCCCC1)c1ccc(cc1)OC(=O)C,-4.737493364
Clc1ccc(cc1)N1C(=NC(=NC1(C)C)N)N,-5.878465467
Clc1cc2NC(CC3CCCC3)NS(=O)(=O)c2cc1S(=O)(=O)N,-7.181774106
ClCCN(P1(=O)NCCCO1)CCCl,-4.717813514
NC1CONC1=O,-3.786274986
Clc1cc2NC(NS(=O)(=O)c2cc1S(=O)(=O)N)C1CC2CC1C=C2,-6.590928216
CN1CCC(=C2c3ccccc3C=Cc3c2cccc3)CC1,-5.759513934
O=C1C=C2C(=CC3C(C2(C2C1C2)C)CCC1(C3CCC1(O)C(=O)C)C)Cl,-4.87494656
CC(=O)OC1(CCC2C1(C)CCC1C2C=C(C2=CC(=O)C3C(C12C)C3)Cl)C(=O)C,-4.92110111
NCCS,-3.36488421
NC(C(=O)O)CS,-3.083352741
OCC1OC(C(C1O)O)n1ccc(nc1=O)N,-4.954629485
O=C1NC(C(C)C)C(=O)N2CCCC2C(=O)N(C)CC(=O)N(C(C(=O)OC(C1NC(=O)c1c2-c(oc3c(n2)c(ccc3C)C(=O)NC2C(C)OC(=O)C(C(C)C)N(C)C(=O)CN(C(=O)C3N(C(=O)C(NC2=O)C(C)C)CCC3)C)c(c(=O)c1N)C)C)C(C)C)C,-7.924453039
C#CC1(O)CCC2C1(C)CCC1C2CCC2=Cc3c(CC12C)cno3,-4.404364574
O=C1CN(C(=O)N1)N=Cc1ccc(o1)c1ccc(cc1)[N+](=O)[O-],-4.673153598
Nc1ccc(cc1)S(=O)(=O)c1ccc(cc1)N,-4.696008237
COc1cccc2c1C(=O)c1c(C2=O)c(O)c2c(c1O)C(OC1CC(N)C(C(O1)C)O)CC(C2)(O)C(=O)C,-5.688815051
OCCN(C)C,-3.773963051
NC(=N)N1CCc2c(C1)cccc2,-4.54463925
NCCCCCN(C(=O)CCC(=O)NCCCCCN(C(=O)CCC(=O)NCCCCCN(C(=O)C)O)O)O,-3.748718171
OC(=O)CCC(C1CCC2C1(C)C(=O)CC1C2C(=O)CC2C1(C)CCC(=O)C2)C,-4.030760242
OC1CCC2(C(=CCC3C2CCC2(C3CCC2=O)C)C1)C,-4.937587795
CC(=O)OC1CCC2(C(=CCC3C2CCC2(C3CCC2=O)C)C1)C,-4.996676111
O=C1CCC2(C(=C1)CCC1C2CCC2(C1CC1C2(OC(O1)(C)c1ccccc1)C(=O)C)C)C,-5.2539132
CC(Nc1cccnc1N1CCN(CC1)C(=O)c1cc2c([nH]1)ccc(c2)NS(=O)(=O)C)C,-4.835373091
CN(C1C(=O)C(=C(C2(C1CC1C(=C(O)c3c(C1O)c(Cl)ccc3O)C2=O)O)O)C(=O)N)C,-4.491224407
CC(=O)OCC(=O)C1CCC2C1(C)CCC1C2CCC2=CC(=O)CCC12C,-5.348407218
COC(=O)C1C(OC)C(CC2C1CC1N(C2)CCc2c1[nH]c1c2cccc1)OC(=O)c1cc(OC)c(c(c1)OC)OC,-7.539102157
CNCCCN1c2ccccc2CCc2c1cccc2,-4.726532719
OCC1OC(OC2C(O)CC(OC2C)OC2C(O)CC(OC2C)OC2C(O)CC(OC2C)OC2CCC3(C(C2)CCC2C3CC(O)C3(C2(O)CCC3C2=CC(=O)OC2)C)C)C(C(C1O)O)O,-10.07160415
CCC12CC(=C)C3C(C1CCC2(O)C#C)CCC1=CCCCC31,-8.09420412
CC(=O)OCC(=O)C1(OC(=O)c2ccco2)C(C)CC2C1(C)CC(O)C1(C2CCC2=CC(=O)C=CC12C)F,-6.547007899
CCCCCCCCCCCCCCCC(=O)OCC(=O)C1(O)C(C)CC2C1(C)CC(O)C1(C2CCC2=CC(=O)C=CC12C)F,-6.62384852
OCCCNC(=O)C(C(CO)(C)C)O,-4.391641254
COc1ccc2c(c1)C13CCCCC3C(C2)N(CC1)C,-5.132575367
CC(C(C(=O)N1CCCC1)(c1ccccc1)c1ccccc1)CN1CCOCC1,-6.071432792
Oc1ccc2c(c1)C1(C)CCCCCC(C2)C1N,-6.16708715
CC(=O)Nc1c(I)c(NC(=O)C)c(c(c1I)C(=O)O)I,-3.103261864
Clc1ccc2c(c1)C(=NCC(=O)N2C)c1ccccc1,-5.630322967
Clc1ccc2c(c1)S(=O)(=O)N=C(N2)C,-4.459903708
NCC1CCC(C(O1)OC1C(N)CC(C(C1O)OC1OC(CO)C(C(C1O)N)O)N)N,-5.177551005
CN(CCN1C(=O)c2ccccc2N(c2c1cccc2)C)C,-4.391198135
ClC(C(=O)O)Cl,-3.286268838
Oc1ccc(cc1Cc1cc(Cl)ccc1O)Cl,-3.429951283
Clc1cc(cc(c1Cl)S(=O)(=O)N)S(=O)(=O)N,-4.962081722
OC(=O)Cc1ccccc1Nc1c(Cl)cccc1Cl,-4.89747846
OC(=O)C1N2C(=O)C(C2SC1(C)C)NC(=O)c1c(C)onc1c1c(Cl)cccc1Cl,-4.449682858
O=c1oc2ccccc2c(c1Cc1c(=O)oc2c(c1O)cccc2)O,-4.827750367
CCN(CCOC(=O)C1(CCCCC1)C1CCCCC1)CC,-5.366790349
OCC1CCC(O1)n1cnc2c1[nH]cnc2=O,-4.549204197
CCN(C(=O)N1CCN(CC1)C)CC,-4.521341317
CCN(C(C(=O)c1ccccc1)C)CC,-5.215470602
CCC(=C(c1ccc(cc1)O)CC)c1ccc(cc1)O,-4.428701923
N#CC(c1ccccc1)(c1ccccc1)CCN1CCC(CC1)(C(=O)O)c1ccccc1,-6.50406096
Fc1ccc(c(c1)F)c1ccc(c(c1)C(=O)O)O,-4.000343165
O=C1OCC(=C1)C1CCC2(C1(C)CCC1C2CCC2C1(C)CCC(C2)OC1CC(O)C(C(O1)C)OC1CC(O)C(C(O1)C)OC1CC(O)C(C(O1)C)O)O,-10.58335949
O=C1OCC(=C1)C1CCC2(C1(C)C(O)CC1C2CCC2C1(C)CCC(C2)OC1CC(O)C(C(O1)C)OC1CC(O)C(C(O1)C)OC1CC(O)C(C(O1)C)O)O,-10.89279003
NNc1nnc(c2c1cccc2)NN,-4.756778152
COc1ccc2c3c1OC1C43CCN(C(C2)C4CCC1O)C,-4.973964609
OCC1OC(OC2C(OC3C(O)C(O)C(C(C3N=C(N)N)O)N=C(N)N)OC(C2(O)CO)C)C(C(C1O)O)NC,-4.543391326
OC1CCC(C(=CC=C2CCCC3(C2CCC3C(C=CC(C(C)C)C)C)C)C1)C,-6.980471226
ClC(C(=O)N(c1ccc(cc1)O)C)Cl,-3.971422927
COc1ccc(cc1)C1Sc2ccccc2N(C(=O)C1OC(=O)C)CCN(C)C,-4.71445324
CN(CCCN1c2ccccc2C(c2c1cccc2)(C)C)C,-4.468987723
CN(CCC1=C(C(c2ccccn2)C)c2c(C1)cccc2)C,-6.466004043
CC(=O)N(C)C,-5.174451107
CCCCCC(C=CC1C(O)CC(C1CC=CCCCC(=O)O)O)O,-7.452225295
CCCCCC(C=CC1C(O)CC(=O)C1CC=CCCCC(=O)O)O,-7.149353765
CN(CCOC(c1ccccc1)c1ccccc1)C,-5.486498922
OC(c1ccccc1)(c1ccccc1)CCCN1CCCCC1,-4.791613718
CCOC(=O)C1(CCN(CC1)CCC(c1ccccc1)(c1ccccc1)C#N)c1ccccc1,-6.13325811
CN1CCC(CC1)OC(c1ccccc1)c1ccccc1,-5.926867544
CCN(C(=S)SSC(=S)N(CC)CC)CC,-4.55143711
OCCN(c1nc(c(o1)c1ccccc1)c1ccccc1)CCO,-4.210015639
CCN(C(=S)S)CC,-4.17399444
O=C(N(C)C)Nc1ccc(c(c1)Cl)Cl,-3.845087793
CC(CCc1ccc(cc1)O)NCCc1ccc(c(c1)O)O,-6.877054609
CCCCC(COC(=O)CC(S(=O)(=O)O)C(=O)OCC(CCCC)CC)CC,-4.926935348
CCNC1CC(C)S(=O)(=O)c2c1cc(s2)S(=O)(=O)N,-5.511134433
CN(CCC=C1c2ccccc2SCc2c1cccc2)C,-5.072531844
CCN1CC(C(C1=O)(c1ccccc1)c1ccccc1)CCN1CCOCC1,-4.976014142
COc1cc2nc(nc(c2cc1OC)N)N1CCN(CC1)C(=O)C1COc2c(O1)cccc2,-6.228122532
OCCN1C(=O)C(O)N=C(c2c1ccc(c2)Cl)c1ccccc1F,-6.020077529
CN(CCC=C1c2ccccc2OCc2c1cccc2)C,-4.747219308
CC1OC(C(C1O)O)n1cc(F)c(=O)[nH]c1=O,-4.090244717
Cn1c(=O)n(C)c2c(c1=O)n(cn2)CC1OCCO1,-4.301443293
CN(CCOC(c1ccccn1)(c1ccccc1)C)C,-5.81182145
O=C1CC2CCC3C(C2(CC1C)C)CCC1(C3CCC1O)C,-5.260823586
CCC(=O)OC1CCC2C1(C)CCC1C2CCC2C1(C)CC(C)C(=O)C2,-5.334225094
Fc1ccc(cc1)C(=O)CCCN1CCC(=CC1)n1c(=O)[nH]c2c1cccc2,-6.139795973
O=C1CCC2(C(=C1)C=CC1C2CCC2(C1CCC2C(=O)C)C)C,-5.795804701
OCC(Cn1cnc2c1c(=O)n(C)c(=O)n2C)O,-3.627097002
OC(=O)CN(CC(=O)O)CCN(CC(=O)O)CC(=O)O,-3.620645542
NCCCC(C(=O)O)(C(F)F)N,-2.658413243
CCC1CN2CCc3c(C2CC1CC1NCCc2c1cc(OC)c(c2)OC)cc(c(c3)OC)OC,-5.681818908
CCOc1c(cnn(c1=O)C)N1CCOCC1,-4.856445795
CCOC(=O)C(NC(C(=O)N1CCCC1C(=O)O)C)CCc1ccccc1,-5.751577672
COc1ccc(cc1)C(=O)Nc1ccccc1CCC1CCCCN1C,-5.024677826
CCn1cc(C(=O)O)c(=O)c2c1nc(N1CCNCC1)c(c2)F,-4.204552542
CNCC(c1ccc(c(c1)O)O)O,-7.040005162
CCCCCC(C=CC1C(O)CC2C1CC(=CCCCC(=O)O)O2)O,-10.54668166
CCCCc1ncc(n1Cc1ccc(cc1)C(=O)O)C=C(C(=O)O)Cc1cccs1,-4.504039006
[O-][N+](=O)OC(C(O[N+](=O)[O-])CO[N+](=O)[O-])CO[N+](=O)[O-],-5.257448673
CCC1OC(=O)C(C)C(OC2OC(C)C(C(C2)(C)OC)O)C(C)C(OC2OC(C)CC(C2O)N(C)C)C(CC(C(=O)C(C(C1(C)O)O)C)C)(C)O,-4.041526901
CCOC(=O)CCC(=O)OC1C(OC(CC1N(C)C)C)OC1C(C)C(OC2OC(C)C(C(C2)(C)OC)O)C(C)C(=O)OC(CC)C(C(C(C(=O)C(CC1(C)O)C)C)O)(C)O,-4.111407983
CCC(=O)OC1C(OC(CC1N(C)C)C)OC1C(C)C(OC2OC(C)C(C(C2)(C)OC)O)C(C)C(=O)OC(CC)C(C(C(C(=O)C(CC1(C)O)C)C)O)(C)O,-4.073495782
COC(=O)CCc1ccc(cc1)OCC(CNC(C)C)O,-6.169342269
Clc1ccc2-n3cnnc3CN=C(c2c1)c1ccccc1,-6.946992398
Oc1ccc2c(c1)CCC1C2CCC2(C1CCC2O)C,-5.736208336
O=C(c1ccccc1)Oc1ccc2c(c1)CCC1C2CCC2(C1CCC2O)C,-5.876781157
O=C(OC1CCC2C1(C)CCC1C2CCc2c1ccc(c2)O)CCC1CCCC1,-5.899341355
CCC(=O)Oc1ccc2c(c1)CCC1C2CCC2(C1CCC2OC(=O)CC)C,-5.885935918
CCCCCCC(=O)OC1CCC2C1(C)CCC1C2CCc2c1ccc(c2)O,-5.88598455
ClCCN(c1ccc(cc1)CC(=O)Oc1ccc2c(c1)CCC1C2CCC2(C1CCC2OC(=O)Cc1ccc(cc1)N(CCCl)CCCl)C)CCCl,-4.674959391
CCCCCCCCCCC(=O)OC1CCC2C1(C)CCC1C2CCc2c1ccc(c2)O,-5.945131507
CCCCC(=O)OC1CCC2C1(C)CCC1C2CCc2c1ccc(c2)O,-5.853087556
CCC(NCCNC(CO)CC)CO,-3.912349105
CCN(C(=O)c1ccc(c(c1)OC)O)CC,-4.728690952
CCOc1ccc(cc1OCC)Cc1nccc2c1cc(OCC)c(c2)OCC,-4.597136989
CCC(C#C)(C=CCl)O,-3.937448097
CCN(S(=O)(=O)c1ccc(cc1)C(=O)O)CC,-3.711480078
CCOc1ccccc1C(=O)N,-3.393855658
C#CC1(CCCCC1)OC(=O)N,-4.000532815
C#CC1(O)CCC2C1(C)CCC1C2CCc2c1ccc(c2)O,-8.772113295
CCc1nccc(c1)C(=S)N,-3.998027941
C#CC1(O)CCC2C1(C)CCC1C2CCC2=CC(=O)CCC12C,-5.272058248
CCOC(=O)C1(CCCN(CC1)C)c1ccccc1,-4.417237991
CCN(C(CN1c2ccccc2Sc2c1cccc2)C)CC,-4.494811468
CC1(CC)CC(=O)NC1=O,-3.92701896
CCN1C(=O)NC(C1=O)c1ccccc1,-3.611139283
CCOc1ccc2c(c1)sc(n2)S(=O)(=O)N,-4.491508491
CCO,-2.663403506
CCC1(O)CCC2C1(C)CCC1C2CCC2=CCCCC12,-6.635971027
C#CC1(O)CCC2C1(C)CCC1C2CCC2=CC(CCC12)O,-7.254925208
C#CC1(CCC2C1(C)CCC1C2CCC2=CC(CCC12)OC(=O)C)OC(=O)C,-7.36251027
CCCN(C(C(=O)Nc1c(C)cccc1C)CC)CC,-4.617438931
CC(P(=O)(O)O)(P(=O)(O)O)O,-4.012896757
CCNCC(c1cccc(c1)O)O,-5.337588923
CCc1cc2c(-n3c(CN=C2c2ccccc2Cl)nnc3C)s1,-6.710972986
OCCn1cnc2c1c(=O)n(C)c(=O)n2C,-4.430022723
Clc1ccc(cc1)OC(C(=O)OCCn1cnc2c1c(=O)n(C)c(=O)n2C)(C)C,-4.527214047
CCOC(=O)c1cncn1C(c1ccccc1)C,-5.609752715
CCn1c(CC)nn(c1=O)CCCN1CCN(CC1)c1cccc(c1)Cl,-5.179450122
COc1cc(cc(c1O)OC)C1C2C(=O)OCC2C(c2c1cc1OCOc1c2)OC1OC2COC(OC2C(C1O)O)C,-5.338424448
CCOC(=O)C=C(C=CC=C(C=Cc1c(C)cc(c(c1C)C)OC)C)C,-5.373503529
O=C1C=CC2(C(=C1)C(=C)CC1C2CCC2(C1CCC2=O)C)C,-5.869823131
NC(=Nc1scc(n1)CSCCC(=NS(=O)(=O)N)N)N,-5.704077678
NC(=O)OCC(c1ccccc1)COC(=O)N,-3.598863175
CCOC(=O)C1=C(C)NC(=C(C1c1cccc(c1Cl)Cl)C(=O)OC)C,-6.062173881
O=C(c1ccc(cc1)c1ccccc1)CCC(=O)O,-4.2292219
CCNC(Cc1cccc(c1)C(F)(F)F)C,-5.06306553
OC(=O)C(c1cccc(c1)Oc1ccccc1)C,-3.685329384
CC(Cc1ccc(cc1)O)NCC(c1cc(O)cc(c1)O)O,-7.055517328
CC(c1ccc(cc1)Cl)(CC(O)(C)C)O,-4.359294971
O=C1NCC2(O1)CCN(CC2)CCc1ccccc1,-4.512436734
CCC(=O)N(c1ccccc1)C1CCN(CC1)CCc1ccccc1,-8.826813732
OC(=O)Cc1sc(nc1c1ccc(cc1)Cl)c1ccccc1,-4.342160288
CC(=CCC1C(=O)N(N(C1=O)c1ccccc1)c1ccccc1)C,-4.408762162
O=C1C=CC2(C(N1)CCC1C2CCC2(C1CCC2C(=O)NC(C)(C)C)C)C,-6.650532734
O=C(c1cccc2c1oc(c1ccccc1)c(c2=O)C)OCCN1CCCCC1,-4.468835296
O=C(c1cc(OCC(F)(F)F)ccc1OCC(F)(F)F)NCC1CCCCN1,-4.918389698
OC(=O)CCC(=O)c1ccc2-c3c4c(-c2c1)cccc4ccc3,-4.25775522
O=C1C(NC(=O)c2c(C)onc2c2c(F)cccc2Cl)C2N1C(C(=O)O)C(S2)(C)C,-3.832807347
OCC1OC(CC1O)n1cc(F)c(=O)[nH]c1=O,-5.613123462
COC(=O)Nc1nc2c([nH]1)cc(cc2)C(=O)c1ccc(cc1)F,-5.273220607
Nc1c(F)cnc(=O)[nH]1,-2.934809618
OC1C(O)C(OC1n1cnc2c1nc(F)nc2N)COP(=O)(O)O,-5.732597962
OCC(=O)C1(O)CCC2C1(C)CC(O)C1(C2CCC2=CC(=O)CCC12C)F,-8.35753548
CC(=O)OCC(=O)C1(O)CCC2C1(C)CC(O)C1(C2CCC2=CC(=O)CCC12C)F,-8.403402904
OC(=O)c1ccccc1Nc1cccc(c1)C(F)(F)F,-4.449061492
CCOC(=O)c1ncn2-c3ccc(cc3C(=O)N(Cc12)C)F,-6.782885737
CN1C(=O)CN=C(c2c1ccc(c2)[N+](=O)[O-])c1ccccc1F,-6.973492843
Fc1c[nH]c(=O)[nH]c1=O,-4.035020001
CNCCC(c1ccccc1)Oc1ccc(cc1)C(F)(F)F,-5.366564953
OCCN1CCN(CC1)CCCN1c2ccccc2Sc2c1cc(cc2)C(F)(F)F,-6.118555205
CCCCCCCCCC(=O)OCCN1CCN(CC1)CCCN1c2ccccc2Sc2c1cc(cc2)C(F)(F)F,-6.249709342
CCCCCCC(=O)OCCN1CCN(CC1)CCCN1c2ccccc2Sc2c1cc(cc2)C(F)(F)F,-6.217674488
CCN(CCN1C(=O)CN=C(c2c1ccc(c2)Cl)c1ccccc1F)CC,-5.88972539
OCCN1C(=O)CN2C(c3c1ccc(c3)Cl)(OCC2)c1ccccc1F,-6.275091525
OC(=O)CC(CC(C=Cc1c(c2ccc(cc2)F)c2c(n1C(C)C)cccc2)O)O,-5.790208057
OC(=O)CCC(C(=O)O)NC(=O)c1ccc(cc1)NCc1cnc2c(n1)c(=O)nc([nH]2)N,-7.521433504
CN(Cc1c(Cl)cccc1NC(=O)c1ccccc1)CC(=O)N1CCOCC1,-4.701013485
CC(N(C)C)CN1c2cc(ccc2Sc2c1cccc2)S(=O)(=O)N(C)C,-5.468936353
O=CNc1cc(ccc1O)C(CNC(Cc1ccc(cc1)OC)C)O,-5.11055801
OC(=O)P(=O)(O)O,-3.021207498
CCC(=O)OC(C(C)C)OP(=O)(CC(=O)N1CC(CC1C(=O)O)C1CCCCC1)CCCCc1ccccc1,-5.627167502
CNC1Cc2c(CC1)[nH]c1c2cc(cc1)C(=O)N,-6.289239718
OCC1OC(C(C1O)O)(O)CO,-2.635512362
OCC1(O)OCC(C(C1O)O)O,-2.635512362
OC(=O)c1cc(c(cc1NCc1ccco1)Cl)S(=O)(=O)N,-4.519492158
OCCC(=C(N(Cc1cnc(nc1N)C)C=O)C)SSCC1CCCO1,-5.377759074
CCCCc1ccc(nc1)C(=O)O,-4.378314838
CC(=O)OC1CC2(C(C1=C(C(=O)O)CCC=C(C)C)CC(C1C2(C)CCC2C1(C)CCC(C2C)O)O)C,-4.315306194
NCC1(CCCCC1)CC(=O)O,-3.932567057
Cc1ccc(c(c1)OCCCC(C(=O)O)(C)C)C,-4.097488768
CNC(C1CCC(C(O1)OC1C(N)CC(C(C1O)OC1OCC(C(C1O)NC)(C)O)N)N)C,-5.201938899
NCC1CCC(C(O1)OC1C(N)CC(C(C1O)OC1OCC(C(C1O)NC)(C)O)N)N,-5.17564927
CNC1C(O)C(OCC1(C)O)OC1C(N)CC(C(C1O)OC1OC(CCC1N)C(N)C)N,-5.188992981
CCC12C=CC3=C4CCC(=O)C=C4CCC3C1CCC2(O)C#C,-6.868998112
O=C(NS(=O)(=O)c1ccc(cc1)C)NN1CC2C(C1)CCC2,-4.783026947
COc1ccc2c(c1)C(=O)N(C(=O)C2(C)C)CCc1ccc(cc1)S(=O)(=O)NC(=O)NC1CCCCC1,-5.722331473
Cc1onc(c1)C(=O)NCCc1ccc(cc1)S(=O)(=O)NC(=O)NN1CCCCCC1,-6.226241497
OCC1OC(O)C(C(C1O)O)N,-3.253268008
OC(=O)CCC(C(=O)O)N,-3.167699021
NC(=O)CCC(C(=O)O)N,-2.86375248
SCC(C(=O)NCC(=O)O)NC(=O)CCC(C(=O)O)N,-4.788625738
CCC1(CCC(=O)NC1=O)c1ccccc1,-4.41634217
CC(c1nnc(s1)NS(=O)(=O)c1ccccc1)(C)C,-4.376425694
OCC(CO)O,-1.964665
OCC(COP(=O)(O)O)O,-3.411588714
OCC(OP(=O)(O)O)CO,-3.411588714
NCC(=O)O,-2.875446688
COCCOc1cnc(nc1)NS(=O)(=O)c1ccccc1,-3.967993111
O=Cc1c(O)c(O)c(c2c1c(O)c(c(c2)C)c1c(C)cc2c(c1O)c(C=O)c(c(c2C(C)C)O)O)C(C)C,-6.192350082
CN1C2CCCC1CC(C2)NC(=O)c1nn(c2c1cccc2)C,-7.494850022
COC1=CC(=O)CC(C21Oc1c(C2=O)c(OC)cc(c1Cl)OC)C,-4.45057704
COc1ccccc1O,-4.044683993
OCC(COc1ccccc1OC)O,-3.996108186
CCC(N=C(NC#N)N)(C)C,-4.171087224
NC(=NCCN1CCCCCCC1)N,-5.376696262
NC(=N)N,-3.072400643
CCCCN(CCC(c1cc2c(Cl)cc(cc2c2c1ccc(c2)C(F)(F)F)Cl)O)CCCC,-4.301397861
CC(=O)NCCOC(=O)C(c1ccc(cc1)Cl)Oc1cccc(c1)C(F)(F)F,-4.396158384
OC(=O)C1N2C(=O)C(C2SC1(C)C)N1C(=O)C(NC1(C)C)c1ccccc1,-4.068028227
O=C1NC(=O)C(C(=O)N1C)(C)C1=CCCCC1,-4.452758139
CCCCCCc1ccc(cc1O)O,-4.066470409
NCCc1cnc[nH]1,-6.884522123
NC(C(=O)O)Cc1cnc[nH]1,-3.190764516
CCN(CCNc1ccc(c2c1c(=O)c1c(s2)cccc1)CO)CC,-4.552037301
NNc1nncc2c1cccc2,-4.682152994
Clc1cc2NCNS(=O)(=O)c2cc1S(=O)(=O)N,-4.951391652
COc1ccc2c3c1OC1C43CCN(C(C2)C4CCC1=O)C,-5.601138643
FC(c1cc2NCNS(=O)(=O)c2cc1S(=O)(=O)N)(F)F,-4.997766741
O=C1CCC2C34C1Oc1c4c(CC2N(CC3)C)ccc1O,-5.853299089
CC(Cc1ccc(cc1)O)N,-4.577507942
OCCN(CCCC(Nc1ccnc2c1ccc(c2)Cl)C)CC,-4.526173193
NC(=N)C1=CC(=O)C(=CC=c2ccc(=C(N)N)cc2)C=C1,-4.827524908
OCCOCCN1CCN(CC1)C(c1ccc(cc1)Cl)c1ccccc1,-4.749794565
CNCCc1ccc(c(c1)OC(=O)C(C)C)OC(=O)C(C)C,-4.487682247
CC(Cc1ccc(cc1)C(C(=O)O)C)C,-3.712398858
CC(Cc1ccc(cc1)C(C(=O)OCc1ccccn1)C)C,-3.871268443
O=C1NC(=O)CN(C1)CC(N1CC(=O)NC(=O)C1)C,-4.808434662
OC1C(N)CC(OC1C)OC1CC(O)(Cc2c1c(O)c1c(c2O)C(=O)c2c(C1=O)cccc2)C(=O)C,-5.26542397
CC(C1C2CC(=C(N2C1=O)C(=O)O)SCCN=CN)O,-3.652047741
OC(CN1CCN(CC1C(=O)NC(C)(C)C)Cc1cccnc1)CC(C(=O)NC1C(O)Cc2c1cccc2)Cc1ccccc1,-4.565302969
OC1C(O)C(O)C(C(C1O)O)O,-3.255648441
O=C(c1cccnc1)OC1C(OC(=O)c2cccnc2)C(OC(=O)c2cccnc2)C(C(C1OC(=O)c1cccnc1)OC(=O)c1cccnc1)OC(=O)c1cccnc1,-4.084745374
CNC(=O)c1c(I)c(NC(=O)CCCCC(=O)Nc2c(I)c(C(=O)O)c(c(c2I)C(=O)NC)I)c(c(c1I)C(=O)O)I,-4.098250575
CC(C(=O)O)CN(c1c(I)cc(c(c1I)N)I)C(=O)C,-3.91307643
CC(=O)NCc1c(I)c(NC(=O)C)c(c(c1I)C(=O)O)I,-3.797918246
O=C(Nc1c(I)cc(c(c1I)C(=O)O)I)CCCCC(=O)Nc1c(I)cc(c(c1I)C(=O)O)I,-3.834097615
Ic1cc(I)c2c(c1O)nccc2,-4.121615689
Ic1c[nH]c(=S)[nH]c1=O,-4.705947297
OCC(CN(c1c(I)c(C(=O)NCC(CO)O)c(c(c1I)C(=O)NCC(CO)O)I)C(=O)C)O,-3.873023386
OCC(NC(=O)c1c(I)c(C(=O)NC(CO)CO)c(c(c1I)NC(=O)C(O)C)I)CO,-3.890468688
CCC(C(=O)O)Cc1c(I)cc(c(c1I)N)I,-3.756584302
COCC(=O)Nc1c(I)c(C(=O)NCC(CO)O)c(c(c1I)C(=O)N(CC(CO)O)C)I,-3.898237901
CNC(=O)c1c(I)c(NC(=O)C)c(c(c1I)C(=O)O)I,-3.788107226
OCC(C(CO)O)NC(=O)c1c(I)c(N(C(=O)CC(=O)N(c2c(I)c(C(=O)NC(C(CO)O)CO)c(c(c2I)C(=O)NC(C(CO)O)CO)I)C)C)c(c(c1I)C(=O)NC(C(CO)O)CO)I,-4.211182831
OCCNC(=O)c1c(I)c(NC(=O)CNC(=O)c2c(I)c(C(=O)NC)c(c(c2I)N(C(=O)C)C)I)c(c(c1I)C(=O)O)I,-4.10342023
OC(=O)CCc1c(I)cc(c(c1I)N=CN(C)C)I,-3.776670121
CC(NNC(=O)c1ccncc1)C,-4.855444065
CCCCC1=NC2(C(=O)N1Cc1ccc(cc1)c1ccccc1c1n[nH]nn1)CCCC2,-4.933010639
CC(COC(=O)c1ccc(cc1)N)C,-4.461976341
Cc1onc(c1)C(=O)NNCc1ccccc1,-5.364082718
CNC(CCC=C(C)C)C,-4.416001038
NNC(=O)c1ccncc1,-4.137161865
CC([N+](C(C)C)(CCC(c1ccccc1)(c1ccccc1)C(=O)N)C)C,-6.325698647
CC(NCC(c1ccc(c(c1)O)O)O)C,-6.102095829
[O-][N+](=O)OC1COC2C1OCC2O,-4.980318769
CC(=CC=CC(=CC(=O)O)C)C=CC1=C(C)CCCC1(C)C,-5.176720703
CC(NC(C(c1ccc(cc1)O)O)C)COc1ccccc1,-5.35526296
COC(=O)C1=C(C)NC(=C(C1c1cccc2c1non2)C(=O)OC(C)C)C,-6.347110379
CCC(n1ncn(c1=O)c1ccc(cc1)N1CCN(CC1)c1ccc(cc1)OCC1COC(O1)(Cn1cncn1)c1ccc(cc1Cl)Cl)C,-4.848579135
COC1CC(OC2C(C)C=CC=C3COC4C3(O)C(C=C(C4O)C)C(=O)OC3CC(CC=C2C)OC2(C3)CCC(C(O2)C(CC)C)C)OC(C1OC1CC(OC)C(C(O1)C)O)C,-6.765962832
COC1CC(OC(C1OC1CC(OC)C(C(O1)C)O)C)OC1C(C)C=CC=C2COC3C2(O)C(C=C(C3O)C)C(=O)OC2CC(CC=C1C)OC1(C2)CCC(C(O1)C(C)C)C,-6.758945273
O=CCC1CC(C)C(O)C=CC=CCC(OC(=O)CC(C(C1OC1OC(C)C(C(C1O)N(C)C)OC1OC(C)C(C(C1)(C)O)OC(=O)CC(C)C)OC)OC(=O)C)C,-4.219057689
OCC1OC(OC2C(N)CC(C(C2O)OC2OC(CN)C(C(C2N)O)O)N)C(C(C1O)N)O,-4.512820941
OCC1OC(OC2C(N)CC(C(C2O)OC2OC(CO)C(C(C2N)O)O)N)C(C(C1O)N)O,-4.509201294
CNC1(CCCCC1=O)c1ccccc1Cl,-5.075045299
Fc1ccc(cc1)C(=O)C1CCN(CC1)CCn1c(=O)[nH]c2c(c1=O)cccc2,-5.473214437
OC(=O)C1CCn2c1ccc2C(=O)c1ccccc1,-5.009057422
CN1CCC(=C2c3ccccc3CC(=O)c3c2ccs3)CC1,-6.968111516
OC(=O)C(O)C,-2.954618446
Nc1ccn(c(=O)n1)C1CSC(O1)CO,-4.661351161
Nc1nnc(c(n1)N)c1cccc(c1Cl)Cl,-4.584269126
OCC1OC(OC2C(C)OC(CC2OC(=O)C)OC2C(O)CC(OC2C)OC2C(O)CC(OC2C)OC2CCC3(C(C2)CCC2C3CCC3(C2(O)CCC3C2=CC(=O)OC2)C)C)C(C(C1O)O)O,-7.463441557
OCC1OC(OC2C(C)OC(CC2OC(=O)C)OC2C(O)CC(OC2C)OC2C(O)CC(OC2C)OC2CCC3(C(C2)CCC2C3CCC3(C2(O)CC(C3C2=CC(=O)OC2)O)C)C)C(C(C1O)O)O,-7.4710833
OCC1OC(OC2C(C)OC(CC2OC(=O)C)OC2C(O)CC(OC2C)OC2C(O)CC(OC2C)OC2CCC3(C(C2)CCC2C3CC(O)C3(C2(O)CCC3C2=CC(=O)OC2)C)C)C(C(C1O)O)O,-7.4710833
OCC1OC(OC2C(C)OC(CC2OC(=O)C)OC2C(O)CC(OC2C)OC2C(O)CC(OC2C)OC2CCC3(C(C2)CCC2C3CC(O)C3(C2(O)CC(C3C2=CC(=O)OC2)O)C)C)C(C(C1O)O)O,-7.477555766
O=S(c1nc2c([nH]1)cccc2)Cc1nccc(c1C)OCC(F)(F)F,-5.868481574
O=C(c1cnoc1C)Nc1ccc(cc1)C(F)(F)F,-5.90925278
N#Cc1ccc(cc1)C(n1cncn1)c1ccc(cc1)C#N,-6.835169873
NC(C(=O)O)CC(C)C,-3.117844186
O=CN1C(CNc2ccc(cc2)C(=O)NC(C(=O)O)CCC(=O)O)CNc2c1c(=O)nc([nH]2)N,-4.94206705
C=CCN1CCC23C(C1Cc1c3cc(cc1)O)CCCC2,-6.628286118
C1CN2C(=NC(C2)c2ccccc2)S1,-5.38960502
CCC(N1CCCC1=O)C(=O)N,-3.452831168
OC(=O)C(Cc1ccc(c(c1)O)O)N,-3.171028709
OCC(CN1CCN(CC1)c1ccccc1)O,-4.896361011
Oc1ccc2c(c1)C13CCCCC3C(C2)N(CC1)C,-6.23446771
CCCC1CN(C(C1)C(=O)NC(C1OC(SC)C(C(C1O)O)O)C(O)C)C,-4.086656229
OC(=O)C(Cc1cc(I)c(c(c1)I)Oc1ccc(c(c1)I)O)N,-8.590066877
CCN(C(=O)NC1CN(C)C2C(=C1)c1cccc3c1c(C2)c[nH]3)CC,-6.608845192
OCC1OC(C(C1OC1OC(CN)C(C(C1N)O)OC1OC(CO)C(C(C1O)O)O)O)OC1C(O)C(N)CC(C1OC1OC(CO)C(CC1N)O)N,-4.659107223
OC(c1ccccc1)CC1CCCC(N1C)CC(=O)c1ccccc1,-6.305499757
CN(CC(=O)c1ccc(cc1)Cl)CCCN1c2ccccc2CCc2c1cccc2,-5.078102837
CC(C1=NCCN1)Oc1c(Cl)cccc1Cl,-6.811460686
ClCCN(C(=O)NC1CCCCC1)N=O,-4.82334275
NC(c1ccccc1)C(=O)NC1C2CCC(=C(N2C1=O)C(=O)O)Cl,-4.719655395
CCOC(=O)N1CCC(=C2c3ccc(cc3CCc3c2nccc3)Cl)CC1,-6.360349851
Clc1ccc2c(c1)C(=NC(C(=O)N2)O)c1ccccc1Cl,-6.284002409
CC(N1CCC(CC1)N(c1ccc(cc1)Cl)C(=O)Cc1ccccc1)C,-4.74514923
CCCCc1nc(c(n1Cc1ccc(cc1)c1ccccc1c1n[nH]nn1)CO)Cl,-5.40353212
CCC(C(=O)OC1CC(C)C=C2C1C(CCC1CC(O)CC(=O)O1)C(C=C2)C)C,-5.483109432
CN1CCN(CC1)C1=Nc2ccccc2Oc2c1cc(Cl)cc2,-4.895483519
CCN(CCNc1ccc(c2c1c(=O)c1c(s2)cccc1)C)CC,-4.00965037
CCN(C(=O)C1CN(C)C2C(=C1)c1cccc3c1c(C2)c[nH]3)CC,-7.413412695
NCCCCC(C(=O)O)N,-3.164910388
OC(c1ccccc1)C(=O)O,-3.358138444
ClCCNCC(C(C(C(CNCCCl)O)O)O)O,-4.962138418
Clc1ccc(cc1)C1(O)c2ccccc2C2=NCCN12,-6.932004568
COc1ccc(cc1)CC(N(CCCCOC(=O)c1ccc(c(c1)OC)OC)CC)C,-4.80370903
CCC(C(COC(=O)N)(COC(=O)N)C)C,-4.064975839
CNC1(C)C2CCC(C1(C)C)C2,-5.60333686
ClCCN(CCCl)C,-5.591213634
Clc1ccc(cc1)C(c1ccccc1)N1CCN(CC1)Cc1cccc(c1)C,-5.369402836
OC(=O)c1ccccc1Nc1cccc(c1C)C,-4.064467169
CNCC(C(C(C(CO)O)O)O)O,-3.290510026
COc1ccc2c(c1)c(CCNC(=O)C)c[nH]2,-6.445363693
ClCCN(c1ccc(cc1)CC(C(=O)O)N)CCCl,-6.484584843
Oc1cc(C)c(c2c1cccc2)O,-6.018321458
O=C1C=C(C)C(=O)c2c1cccc2,-6.71353852
Clc1cc(c2cc(Cl)cc(c2O)[N+](=O)[O-])c(c(c1)[N+](=O)[O-])O,-5.236904682
CC1CCC(C(C1)O)C(C)C,-4.892832276
CC(C#C)(CC)O,-3.769142858
O=C(C(c1ccccc1)(c1ccccc1)O)OC1CCC[N+](C1)(C)C,-5.009591297
CCOC(=O)C1(CCN(CC1)C)c1ccccc1,-4.21719035
OCC(COc1ccccc1C)O,-3.561617339
COc1ccccc1OCC1CNC(=O)O1,-4.047713264
CNC(Cc1ccccc1)(C)C,-5.212878143
CCC1(NC(=O)N(C1=O)C)c1ccccc1,-4.338957735
CCC1(C(=O)NC(=O)N(C1=O)C)c1ccccc1,-4.391397155
CN1CCCCC1C(=O)Nc1c(C)cccc1C,-4.567423172
OCC(=O)C1(O)C(C)CC2C1(C)CC(=O)C1C2CCC2=CC(=O)C=CC12C,-5.667983484
CCCC(COC(=O)N)(COC(=O)N)C,-3.736894699
c1ccc2c(c1)N(CC1CN3CCC1CC3)c1c(S2)cccc1,-6.285768913
S=c1nc[nH]c2c1[nH]cn2,-4.784409152
CN1CCCCC1CCN1c2ccccc2Sc2c1cc(cc2)S(=O)C,-4.888262558
C#CC1(O)CCC2C1(C)CCC1C2CCc2c1ccc(c2)OC,-8.573488739
O=C(NS(=O)(=O)c1ccc(c(c1)N)C)NC1CCCCC1,-4.970874152
CC(C(c1cccc(c1)O)O)N,-4.302604311
O=C1NCC(O1)COc1cc(C)cc(c1)C,-3.315504213
CN(C(=N)N=C(N)N)C,-3.412170238
CC(C[N+](C)(C)C)OC(=O)C,-5.584618674
CN(C1C(=O)C(=C(C2(C1C(O)C1C(=C)c3cccc(c3C(=C1C2=O)O)O)O)O)C(=O)N)C,-4.469742187
CCC(=O)C(c1ccccc1)(c1ccccc1)CC(N(C)C)C,-5.791613718
CCC(C(C(=O)O)(C)C)c1ccc2c(c1)ccc(c2)OC,-6.28082939
O=C1C=CC2(C(=C1)CCC1C2CCC2(C1CCC2(C)O)C)C,-6.653624865
CN(CCN(c1ccccn1)Cc1cccs1)C,-4.59315609
Cc1nc2ccccc2c(=O)n1c1ccccc1C,-4.699482447
CCC1(CC)C(=O)NC(=O)N(C1=O)C,-4.598175408
CC(=O)N=c1sc(nn1C)S(=O)(=O)N,-4.67444229
CN1CCC(C1)CN1c2ccccc2Sc2c1cccc2,-5.772951857
CCC(NC(=O)C1CN(C)C2C(=C1)c1cccc3c1c(C2)c[nH]3)CO,-7.406713933
COc1cccc(c1C(=O)NC1C(=O)N2C1SC(C2C(=O)O)(C)C)OC,-3.279228197
Cn1cc[nH]c1=S,-5.057547588
COc1ccccc1OCC(COC(=O)N)O,-3.38245022
CCC#CC(C1(CC=C)C(=O)NC(=O)N(C1=O)C)C,-5.117775448
OC(=O)CCC(C(=O)O)NC(=O)c1ccc(cc1)N(Cc1cnc2c(n1)c(N)nc(n2)N)C,-5.958505849
COc1ccc2c(c1)N(CC(CN(C)C)C)c1c(S2)cccc1,-4.994053659
COc1ccc(c(c1)C(C(N)C)O)OC,-5.802368067
CNC(Cc1ccccc1OC)C,-4.253480436
CN1C(=O)CC(C1=O)(C)c1ccccc1,-4.006973015
ClCC1Nc2cc(Cl)c(cc2S(=O)(=O)N1C)S(=O)(=O)N,-6.333872256
COC1C(O)CC(OC1C)OC1C(O)CC(OC1C)OC1C(O)CC(OC1C)OC1CCC2(C(C1)CCC1C2CC(O)C2(C1(O)CCC2C1=CC(=O)OC1)C)C,-8.076238039
OC(=O)C(Cc1ccc(c(c1)O)O)(N)C,-3.802279537
COC(=O)c1ccc(cc1)O,-4.182264307
CC1CCN(CC1)CCCC(=O)c1ccc(cc1)F,-4.596408115
COC(=O)C(c1ccccc1)C1CCCCN1,-5.367926206
OCC(=O)C1(O)CCC2C1(C)CC(O)C1C2CC(C2=CC(=O)C=CC12C)C,-4.95328166
CCC(=O)OC1(CCC2C1(C)CC(O)C1C2CC(C2=CC(=O)C=CC12C)C)C(=O)COC(=O)C,-5.05433058
CC(=O)OCC(=O)C1(O)CCC2C1(C)CC(O)C1C2CC(C2=CC(=O)C=CC12C)C,-4.999486531
Cc1cc(=O)[nH]c(=S)[nH]1,-4.152835242
CCC1(CC)C(=O)NCC(C1=O)C,-4.438912177
CCC(NC(=O)C1CN(C)C2C(=C1)c1cccc3c1c(C2)cn3C)CO,-6.548337778
OC(=O)Cc1ccc2c(c1)N(C)c1c(S2)cccc1,-4.336594556
COCCc1ccc(cc1)OCC(CNC(C)C)O,-4.602976934
OCC1OC(O)C(C(C1O)O)NC(=O)c1c(I)c(NC(=O)C)c(c(c1I)N(C(=O)C)C)I,-3.880096497
CC(=O)Nc1c(I)c(N(C(=O)C)C)c(c(c1I)C(=O)O)I,-3.797918246
OCCn1c(C)ncc1[N+](=O)[O-],-3.710942718
O=C(C(c1cccnc1)(C)C)c1cccnc1,-3.47957293
Oc1ccc(cc1)CC(C(=O)O)(N)C,-3.466387618
O=C(C(c1ccccc1)NC(=O)N1CCN(C1=O)S(=O)(=O)C)NC1C(=O)N2C1SC(C2C(=O)O)(C)C,-3.305546104
CN1CCN2C(C1)c1ccccc1Cc1c2cccc1,-5.24611237
COCC(=O)OC1(CCN(CCCc2nc3c([nH]2)cccc3)C)CCc2c(C1C(C)C)ccc(c2)F,-5.472439993
Clc1ccc(c(c1)Cl)COC(c1ccc(cc1Cl)Cl)Cn1cncc1,-3.841076273
Clc1ccc2-n3c(CN=C(c2c1)c1ccccc1F)cnc3C,-6.592262514
COc1ccc(cc1C(CNC(=O)CN)O)OC,-6.007376156
CC#CC1(O)CCC2C1(C)CC(c1ccc(cc1)N(C)C)C1=C3CCC(=O)C=C3CCC21,-4.633057904
OCCN1CC(O)C(C(C1CO)O)O,-4.617470635
N#Cc1cc(c2ccncc2)c([nH]c1=O)C,-6.625763698
CN1CCN2C(C1)c1ccccc1Cc1c2nccc1,-5.548762509
CCCCC(CC=CC1C(O)CC(=O)C1CCCCCCC(=O)OC)(O)C,-7.458420756
COC12C3NC3CN2C2=C(C1COC(=O)N)C(=O)C(=C(C2=O)C)N,-5.790974472
NC(=O)CS(=O)C(c1ccccc1)c1ccccc1,-4.914275003
CCOC(=O)C(NC(C(=O)N1Cc2cc(OC)c(cc2CC1C(=O)O)OC)C)CCc1ccccc1,-5.777079443
CCCCC1C(=O)NN(C1=O)c1ccccc1,-4.667038709
CCc1c(C)[nH]c2c1C(=O)C(CC2)CN1CCOCC1,-4.867465854
ClCC(=O)C1(OC(=O)c2ccco2)C(C)CC2C1(C)CC(O)C1(C2CCC2=CC(=O)C=CC12C)Cl,-7.540607512
OC(=O)CC1(CSC(c2cccc(c2)C=Cc2ccc3c(n2)cc(cc3)Cl)CCc2ccccc2C(O)(C)C)CC1,-6.545316926
CCOC(=O)Nc1ccc2c(c1)N(C(=O)CCN1CCOCC1)c1c(S2)cccc1,-4.454861713
OC1C=CC2C34C1Oc1c4c(CC2N(CC3)C)ccc1O,-5.232642624
CC(C(=O)SCC(C(=O)N1CCCC1C(=O)O)C)NC(=O)C1CCCCC1,-5.600446743
COC1(NC(=O)C(c2ccc(cc2)O)C(=O)O)C(=O)N2C1OCC(=C2C(=O)O)CSc1nnnn1C,-3.892272029
CN(CCOc1cc(C)c(cc1C(C)C)OC(=O)C)C,-4.71945971
COc1c(CC=C(CCC(=O)OCCN2CCOCC2)C)c(O)c2c(c1C)COC2=O,-3.557802576
OC(COc1cccc2c1CC(O)C(C2)O)CNC(C)(C)C,-4.461137346
CCOc1ccc2c(c1C(=O)NC1C(=O)N3C1SC(C3C(=O)O)(C)C)cccc2,-3.617498099
CCN(CCOC(=O)C(Cc1cccc2c1cccc2)CC1CCCO1)CC,-4.583792229
OC1CCC2(C34C1Oc1c4c(CC2N(CC3)CC2CCC2)ccc1O)O,-5.553207258
CCn1cc(C(=O)O)c(=O)c2c1nc(C)cc2,-3.541802344
C=C1CCC2(C34C1Oc1c4c(CC2N(CC3)CC2CC2)ccc1O)O,-5.610102779
C=CCN1CCC23C4C1Cc1c3c(OC2C(C=C4)O)c(cc1)O,-5.669157809
C=CCN1CCC23C4(C1Cc1c3c(OC2C(=O)CC4)c(cc1)O)O,-6.515044636
O=C1CCC2C(=C1)CCC1C2CCC2(C1CCC2O)C,-4.915936455
CCCCCCCCCC(=O)OC1CCC2C1(C)CCC1C2CCC2=CC(=O)CCC12,-5.109655707
O=C(OC1CCC2C1(C)CCC1C2CCC2=CC(=O)CCC12)CCc1ccccc1,-5.086677263
CNS(=O)(=O)CCc1ccc2c(c1)c(c[nH]2)C1CCN(CC1)C,-6.605001295
CC1CC=CC=CC=CC=CC(OC2OC(C)C(C(C2O)N)O)CC2OC(CC(CC3C(C=CC(=O)O1)O3)O)(O)CC(C2C(=O)O)O,-6.38396229
CCCc1c2oc(cc(=O)c2cc2c1n(CC)c(cc2=O)C(=O)O)C(=O)O,-6.202416712
CCc1nn(c(=O)n1CCOc1ccccc1)CCCN1CCN(CC1)c1cccc(c1)Cl,-4.672104206
NCC1OC(OC2C(N)CC(C(C2O)O)N)C(C(C1O)O)N,-3.508338506
OCC1OC(C(C1OC1OC(CN)C(C(C1N)O)O)O)OC1C(O)C(N)CC(C1OC1OC(CN)C(C(C1N)O)O)N,-3.788623463
O=C(N(C)C)Oc1cccc(c1)[N+](C)(C)C,-4.552992077
NC(=O)c1cccnc1,-4.16615826
O=C(NCc1ccccc1)CCNNC(=O)c1ccncc1,-4.952266844
COC(=O)C1=C(C)NC(=C(C1c1cccc(c1)[N+](=O)[O-])C(=O)OCCN(Cc1ccccc1)C)C,-5.379781222
O=C(c1cccnc1)OCC(COC(=O)c1cccnc1)(COC(=O)c1cccnc1)COC(=O)c1cccnc1,-5.143423009
O=C(c1cccnc1)OC1C(COC(=O)c2cccnc2)OC(C1OC(=O)c1cccnc1)(O)COC(=O)c1cccnc1,-3.954410581
OC(=O)c1cccnc1,-3.993381202
OCc1cccnc1,-4.338957755
OC(=O)c1cccnc1Nc1cccc(c1)C(F)(F)F,-4.353674635
CN1C(=O)CN=C(c2c1ccc(c2)[N+](=O)[O-])c1ccccc1,-6.549607724
COCCOC(=O)C1=C(C)NC(=C(C1c1cccc(c1)[N+](=O)[O-])C(=O)OC(C)C)C,-4.843482286
COC(=O)C1=C(C)NC(=C(C1c1ccccc1[N+](=O)[O-])C(=O)OCC(C)C)C,-5.765169433
O=C1CN=C(c2c(N1)ccc(c2)[N+](=O)[O-])c1ccccc1,-5.92667322
CCOC(=O)C1=C(C)NC(=C(C1c1cccc(c1)[N+](=O)[O-])C(=O)OC)C,-6.034293779
O=C1NC(=O)N(C1)N=Cc1ccc(o1)[N+](=O)[O-],-4.55273759
ClCC[N+](CCCl)(C)[O-],-5.633602107
CNC(=C[N+](=O)[O-])NCCSCc1csc(n1)CN(C)C,-4.821457767
CN1CC(c2ccccc2)c2c(C1)c(N)ccc2,-4.85472996
NCC(c1ccc(c(c1)O)O)O,-6.404217616
CCC1(O)CCC2C1(C)CCC1C2CCC2=CC(=O)CCC12,-5.78168502
C#CC1(O)CCC2C1(C)CCC1C2CCC2=CC(=O)CCC12,-7.251811973
C#CC1(CCC2C1(C)CCC1C2CCC2=CC(=O)CCC12)OC(=O)C,-7.308918508
C#CC1(O)CCC2C1(C)CCC1C2CCC2=C1CCC(=O)C2,-5.650700972
O=C1CCC2C(=C1)CCC1C2CCC2(C1CCC2(C)O)C,-5.761062024
CNCCC=C1c2ccccc2CCc2c1cccc2,-5.197860947
COc1ccc2c(c1OC)C(=O)OC2C1N(C)CCc2c1c(OC)c1c(c2)OCO1,-5.21845201
COC1C(OC(=O)N)C(O)C(OC1(C)C)Oc1ccc2c(c1C)oc(=O)c(c2O)NC(=O)c1ccc(c(c1)CC=C(C)C)O,-4.389254239
CC(NC(C(c1ccc(cc1)O)O)C)CCc1ccccc1,-5.573172398
COC1CC(OC2C(C)C(=O)OC(C)C(C)C(O)C(C(=O)C3(CC(C(C2C)OC2OC(C)CC(C2O)N(C)C)C)CO3)C)OC(C1O)C,-4.315054774
CN(CCC=C1c2cc(ccc2OCc2c1cccc2)CC(=O)O)C,-6.005716561
OC(=O)C1=CC(=NNc2ccc(c(c2)C(=O)O)O)C=CC1=O,-4.257634032
COc1ccc2c(c1)[nH]c(n2)S(=O)Cc1ncc(c(c1C)OC)C,-5.23731253
O=C1C(CCc2c1c1ccccc1n2C)Cn1ccnc1C,-5.865345288
OCCN1CCN(CC1)CCCN1c2ccccc2C=Cc2c1cccc2,-4.861529452
CCCCCCCCCCCC(CC1OC(=O)C1CCCCCC)OC(=O)C(CC(C)C)NC=O,-4.917098165
CN(CCOC(c1ccccc1C)c1ccccc1)C,-4.606241643
OC(=O)C1N2C(=O)C(C2SC1(C)C)NC(=O)c1c(C)onc1c1ccccc1,-3.603616587
OCc1cc2CCC(Nc2cc1[N+](=O)[O-])CNC(C)C,-3.667973856
O=C1OCC2(C(C1)CCC1C2CCC2(C1CCC2(C)O)C)C,-5.963900781
O=C1Nc2ccc(cc2C(=NC1O)c1ccccc1)Cl,-5.156417435
O=C1CN2CC(OC2(c2c(N1)ccc(c2)Cl)c1ccccc1)C,-5.516922272
CCN(CCc1onc(n1)c1ccccc1)CC,-4.867288988
CCn1cc(C(=O)O)c(=O)c2c1cc1OCOc1c2,-4.019083274
CN(CC(CN1c2ccccc2S(=O)(=O)c2c1cccc2)C)C,-5.694972668
CCN(CC#CCOC(=O)C(c1ccccc1)(C1CCCCC1)O)CC,-6.03081534
COc1ccc2c3c1OC1C43CCN(C(C2)C4(O)CCC1=O)C,-5.976367372
COc1cccc(c1)C(=O)CCNC(C(c1ccccc1)O)C,-5.592996284
O=C1CCC2(C34C1Oc1c4c(CC2N(CC3)C)ccc1O)O,-6.302961288
CN1CCCN=C1COC(=O)C(c1ccccc1)(C1CCCCC1)O,-5.838153562
Oc1ccc(cc1)C1(c2ccc(cc2)O)C(=O)Nc2c1cccc2,-5.580877065
CN(C1C(=O)C(=C(C2(C1C(O)C1C(=C(O)c3c(C1(C)O)cccc3O)C2=O)O)O)C(=O)N)C,-4.140723105
NCCC(P(=O)(O)O)(P(=O)(O)O)O,-5.195104951
COc1c(OC)ccnc1CS(=O)c1nc2c([nH]1)cc(cc2)OC(F)F,-5.759492064
OCC(C(C(=O)NCCC(=O)O)O)(C)C,-6.272723988
COc1ccc(cc1OC)Cc1nccc2c1cc(OC)c(c2)OC,-4.530692682
CC1OC(C)OC(O1)C,-2.723152397
CCC1(C)OC(=O)N(C1=O)C,-3.594301731
OCC(=O)C1(O)C(C)CC2C1(C)CC(O)C1C2CC(C2=CC(=O)C=CC12C)F,-5.991736581
CC(=O)OCC(=O)C1(O)C(C)CC2C1(C)CC(O)C1C2CC(C2=CC(=O)C=CC12C)F,-6.035927531
CN(Cc1ccccc1)CC#C,-4.67957417
OCC1OC(C(C1OC1OC(CN)C(C(C1N)O)O)O)OC1C(O)C(N)CC(C1OC1OC(CO)C(C(C1N)O)O)N,-4.245250673
Fc1ccc(cc1)C1CCNCC1COc1ccc2c(c1)OCO2,-5.597032973
CCC(=O)c1ccc(cc1)O,-3.47762619
O=C1N=C(OC1c1ccccc1)N,-4.971779085
OC(COc1ccccc1C1CCCC1)CNC(C)(C)C,-5.340680171
O=C(NC1C(=O)N2C1SC(C2C(=O)O)(C)C)COc1ccccc1,-4.146611099
[O-][N+](=O)OCC(CO[N+](=O)[O-])(CO[N+](=O)[O-])CO[N+](=O)[O-],-4.977430572
NC(=N)c1ccc(cc1)OCCCCCOc1ccc(cc1)C(=N)N,-4.929954387
CCC(C(c1ccccc1)C(=O)OC1CCN(CC1)C)C,-4.859457248
CC(=CCN1CCC2(C(C1Cc1c2cc(cc1)O)C)C)C,-5.756520134
OC(=O)CN(CCN(CC(=O)O)CC(=O)O)CCN(CC(=O)O)CC(=O)O,-5.196835293
CCCC(C1(CC)C(=O)NC(=O)NC1=O)C,-4.131914767
OCC1OC(CC1O)n1cnc2c1NC=NCC2O,-6.604444884
CC(=O)CCCCn1c(=O)c2n(C)cnc2n(c1=O)C,-4.14349415
CCCN1CC(CSC)CC2C1Cc1c[nH]c3c1c2ccc3,-6.798634253
C1CCC(NC1)CC(C1CCCCC1)C1CCCCC1,-4.744274046
CCCC(C(=O)OCC)NC(C(=O)N1C2CCCCC2CC1C(=O)O)C,-6.442547866
OCCN1CCN(CC1)CCCN1c2ccccc2Sc2c1cc(Cl)cc2,-6.00428765
O=C(Cc1ccccc1)NC(=O)N,-3.551908205
CCOc1ccc(cc1)NC(=O)C,-3.554406097
CC(C(O)(C)C)(c1ccc(cc1)Cl)O,-4.030778988
Nc1ccc(c(n1)N)N=Nc1ccccc1,-4.504739846
C1CCC(CC1)(N1CCCCC1)c1ccccc1,-6.085267561
CC1N(C)CCOC1c1ccccc1,-4.737577633
CC(C(=O)NC1C(=O)N2C1SC(C2C(=O)O)(C)C)Oc1ccccc1,-3.862627552
NC(=NCCc1ccccc1)N=C(N)N,-5.089586986
CCN(CCC1(CCC(=O)NC1=O)c1ccccc1)CC,-5.539327154
CN1CCC2=C(C1)C(c1ccccc1)c1c2cccc1,-5.019300542
O=C1C(c2ccccc2)C(=O)c2c1cccc2,-4.824375455
CN(CCC(c1ccccn1)c1ccccc1)C,-5.584952183
CC1NCCOC1c1ccccc1,-5.151658834
CCC1(C(=O)NC(=O)NC1=O)c1ccccc1,-5.031474445
Oc1ccc(cc1)C1(OC(=O)c2c1cccc2)c1ccc(cc1)O,-5.166407944
ClCCN(C(COc1ccccc1)C)Cc1ccccc1,-5.181595483
CCC(c1c(=O)oc2c(c1O)cccc2)c1ccccc1,-5.845590747
CN1C(=O)CC(C1=O)c1ccccc1,-3.577975321
CC(Cc1ccccc1)(N)C,-5.37798427
Cc1ccc(cc1)N(c1cccc(c1)O)CC1=NCCN1,-6.226533937
NC(C(=O)O)Cc1ccccc1,-3.217981492
CCCCC1C(=O)N(N(C1=O)c1ccccc1)c1ccccc1,-4.489078177
CNCC(c1cccc(c1)O)O,-5.302604311
OC(c1ccccc1)C(N)C,-4.702446679
NC(=O)NNc1ccccc1,-3.78151371
CN(CCOc1ccccc1Cc1ccccc1)C,-4.88469969
O=C1NC(=O)NC1(c1ccccc1)c1ccccc1,-4.702892125
CCOC(=O)c1c(C)cc2c(c1C)c(=O)[nH]nc2CO,-3.140331775
O=C(c1ccccc1C(=O)O)Nc1ccc(cc1)S(=O)(=O)Nc1nccs1,-3.304740584
CNC(=O)Oc1ccc2c(c1)C1(C)CCN(C1N2C)C,-7.216811309
CCC1C(=O)OCC1Cc1cncn1C,-5.619629458
Fc1ccc(cc1)C(c1ccc(cc1)F)CCCN1CCC(CC1)n1c(=O)[nH]c2c1cccc2,-6.441498671
C#CCN1C(=O)CN=C(c2c1ccc(c2)Cl)c1ccccc1,-5.967179063
OC(COc1cccc2c1cc[nH]2)CNC(C)C,-5.395013081
Clc1ccc2c(c1)N(CCCN1CCC(CC1)C(=O)N)c1c(S2)cccc1,-6.206235006
CCn1cc(C(=O)O)c(=O)c2c1nc(nc2)N1CCNCC1,-4.358044366
OCCC1CCN(CC1)CCCN1c2ccccc2Sc2c1cc(cc2)C(=O)C,-5.186878268
CCN1CCN(C(=O)C1=O)C(=O)NC(C(=O)NC1C(=O)N2C1SC(C2C(=O)O)(C)C)c1ccccc1,-3.111896324
N1CCNCC1,-3.111056849
O=C(C(c1ccccc1)(c1ccccc1)O)OCCN1CCCCC1,-5.406896152
BrCCC(=O)N1CCN(CC1)C(=O)CCBr,-5.074394895
OC(c1ccccc1)(c1ccccc1)C1CCCCN1,-6.427105269
CN1CCN(CC1)CC(=O)N1c2ccccc2C(=O)Nc2c1nccc2,-5.14786464
OC(=O)c1cc(N2CCCC2)c(c(c1)S(=O)(=O)N)Oc1ccccc1,-6.258158457
CC(c1ccc(c(c1)Cl)N1CC=CC1)C(=O)O,-4.277046689
CN1CCC(=C2c3ccsc3CCc3c2cccc3)CC1,-6.771501849
O=C(C(Oc1ccc(cc1)Cl)(C)C)NC(=O)NCN1CCOCC1,-3.94916619
COC(C1Cc2cc3cc(OC4OC(C)C(C(C4)OC4CC(O)C(C(O4)C)O)O)c(c(c3c(c2C(=O)C1OC1OC(C)C(C(C1)OC1OC(C)C(C(C1)OC1OC(C)C(C(C1)(C)O)O)O)O)O)O)C)C(=O)C(C(O)C)O,-7.559090918
CCC[N+]12C3CC45C(C2CC(C3C4O)C(C1O)CC)N(C)c1c5cccc1,-5.443786684
O=NC=C1C=CC=CN1C,-3.614780583
CCCNC1CCc2c(C1)sc(n2)N,-6.324955152
OC(=O)C(c1ccc2c(c1)Cc1c(O2)nccc1)C,-4.832966146
CCC(C(=O)OC1CC(O)C=C2C1C(CCC(CC(CC(=O)O)O)O)C(C=C2)C)C,-5.80378023
Clc1ccc2c(c1)C(=NCC(=O)N2CC1CC1)c1ccccc1,-5.511621463
ClCCN(c1ccc(cc1)CCCC(=O)OCC(=O)C1(O)CCC2C1(C)CC(O)C1C2CCC2=CC(=O)C=CC12C)CCCl,-5.288218937
OCC(=O)C1(O)CCC2C1(C)CC(O)C1C2CCC2=CC(=O)C=CC12C,-5.034393591
CC(=O)OCC(=O)C1(O)CCC2C1(C)CC(O)C1C2CCC2=CC(=O)C=CC12C,-5.082300826
CCCCCCCCCCCCCCCCCC(=O)OCC(=O)OCC(=O)C1(O)CCC2C1(C)CC(O)C1C2CCC2=CC(=O)C=CC12C,-5.313209602
OC(=O)CCC(=O)OCC(=O)C1(O)CCC2C1(C)CC(O)C1C2CCC2=CC(=O)C=CC12C,-5.140801216
O=C(CC(C)(C)C)OCC(=O)C1(O)CCC2C1(C)CC(O)C1C2CCC2=CC(=O)C=CC12C,-5.138977515
CCCCC(=O)OC1(CCC2C1(C)CC(O)C1C2CCC2=CC(=O)C=CC12C)C(=O)COC(=O)C,-5.164725292
OC(COc1ccc(cc1)O)CNC(C)C,-5.830286404
NCCCC(Nc1cc(OC)cc2c1nccc2)C,-5.538819513
CCC1(C(=O)NCNC1=O)c1ccccc1,-4.418312733
CCCN(S(=O)(=O)c1ccc(cc1)C(=O)O)CCC,-4.232675484
CCN(CCNC(=O)c1ccc(cc1)N)CC,-3.672698672
CNNCc1ccc(cc1)C(=O)NC(C)C,-4.56682773
CN1CCN(CC1)CCCN1c2ccccc2Sc2c1cc(Cl)cc2,-5.35008853
OC(c1ccccc1)(C1CCCCC1)CCN1CCCC1,-5.936102457
CCCN(C(=O)C(NC(=O)c1ccccc1)CCC(=O)O)CCC,-4.097768046
CN(CCCN1c2ccccc2Sc2c1cccc2)C,-4.231242287
CN(C(CN1c2ccccc2Sc2c1cccc2)C)C,-5.231242287
CCC(=O)c1ccc2c(c1)N(CC(N(C)C)C)c1c(S2)cccc1,-5.611449615
O=CCC1CC(C)C(O)C=CC=CCC(OC(=O)CC(C(C1OC1OC(C)C(C(C1O)N(C)C)OC1OC(C)C(C(C1)(C)OC(=O)CC)OC(=O)CCC)OC)O)C,-4.616997698
CCC(=O)N(c1ccccn1)C(CN1CCCCC1)C,-5.042006896
CC(c1cccc(c1O)C(C)C)C,-4.85314001
OC(COc1cccc2c1cccc2)CNC(C)C,-4.384491489
CNC(CC1CCCCC1)C,-4.793176744
CCCOC(=O)Cn1cc(I)c(=O)c(c1)I,-3.650315471
CCCOC(=O)c1ccc(cc1)O,-4.255755943
CC(c1c(C)n(n(c1=O)c1ccccc1)C)C,-3.885183093
Cc1ccc2c(c1)n(C(C)C)c(=O)nc2c1ccccc1,-4.143558609
CCNNC(=O)C1C(CO)C(O)c2c(C1c1cc(OC)c(c(c1)OC)OC)cc1c(c2)OCO1,-5.153795269
OC1C(OC2CCC3(C(=C2)CCC2C3CCC3(C2(O)CCC3c2ccc(=O)oc2)C)C)OC(C(C1O)O)C,-7.104577454
O=C1CCC(N1)C(=O)NC(C(=O)N1CCCC1C(=O)N)Cc1[nH]cnc1,-7.638272164
CC1CCC2N(C1)CC1C(C2(C)O)C(O)C(C2(C1CC13C2C(O)C(C2C3(C)CCC(C2(O1)O)O)O)O)O,-7.322393047
CNCCCC1c2ccccc2C=Cc2c1cccc2,-5.420577418
CC(Cn1cnc2c1c(=O)n(C)c(=O)n2C)O,-3.77496045
CN1CCCN=C1C=Cc1cccs1,-4.013484516
NC(=O)c1cnccn1,-3.613181566
OCc1c(CO)cnc(c1O)C,-4.404217616
COc1ccc(cc1)CN(c1ccccn1)CCN(C)C,-5.358519638
CCc1nc(N)nc(c1c1ccc(cc1)Cl)N,-5.298785697
Clc1ccc(cc1)CC(=CCN1CCCC1)c1ccccc1,-5.317852219
CCOC(=O)C(NC(C(=O)N1Cc2ccccc2CC1C(=O)O)C)CCc1ccccc1,-5.518133892
CCC1NC(=O)c2c(N1)cc(c(c2)S(=O)(=O)N)Cl,-4.939562094
C=CC1CN2CCC1CC2C(c1ccnc2c1cc(OC)cc2)O,-4.511103283
Oc1ccc2c(c1)sc(c2C(=O)c1ccc(cc1)OCCN1CCCCC1)c1ccc(cc1)O,-4.675396352
CCOC(=O)C(NC(C(=O)N1C2CCCC2CC1C(=O)O)C)CCc1ccccc1,-6.097181794
CCOc1cc(ccc1C(=O)O)CC(=O)NC(c1ccccc1N1CCCCC1)CC(C)C,-6.229189595
Oc1cc(O)cc(c1)C(CNCCCn1cnc2c1c(=O)n(C)c(=O)n2C)O,-5.590402327
COc1ccc2c(c1)[nH]c1c2CCN2C1CC1C(C2)CC(C(C1C(=O)OC)OC)OC(=O)C=Cc1cc(OC)c(c(c1)OC)OC,-7.580044252
COc1ccc2c(c1)[nH]c1c2CCN2C1CC1C(C2)CC(C(C1C(=O)OC)OC)OC(=O)c1cc(OC)c(c(c1)OC)OC,-7.785156152
OCC=C(C=CC=C(C=CC1=C(C)CCCC1(C)C)C)C,-5.494681917
OCC1OC(C(C1O)O)n1cnc(n1)C(=O)N,-3.086723987
OCC(C(C(Cn1c2-c(nc3c1cc(C)c(c3)C)c(=O)[nH]c(=O)n2)O)O)O,-5.876637956
O=c1[nH]c(=O)c2-c(n1)n(CC(C(C(COP(=O)(O)O)O)O)O)c1c(n2)cc(c(c1)C)C,-5.96032215
COC1C=COC2(C)Oc3c(C2=O)c2C(=O)C(=CNN4CCN(CC4)C)C(=C(c2c(c3C)O)O)NC(=O)C(=CC=CC(C(C(C(C(C(C1C)OC(=O)C)C)O)C)O)C)C,-4.614338293
CC(C12CC3CC(C2)CC(C1)C3)N,-4.731140513
CCn1nc(c2c1C(=NCC(=O)N2)c1ccccc1)C,-5.304791272
OP(=O)(C(P(=O)(O)O)(Cc1cccnc1)O)O,-6.531313676
CCN(C(=O)Oc1cccc(c1)C(N(C)C)C)C,-6.097494493
CN(CCc1c[nH]c2c1cc(cc2)Cn1cncn1)C,-5.731338672
O=C1OCC(=C1c1ccccc1)c1ccc(cc1)S(=O)(=O)C,-5.576776283
CN(C1C(=O)C(=C(C2(C1CC1C(=C(O)c3c(C1(C)O)cccc3O)C2=O)O)O)C(=O)NCN1CCCC1)C,-4.956608417
O=C1NC(=O)C(S1)Cc1ccc(cc1)OCCN(c1ccccn1)C,-6.429335423
OCc1cc(ccc1O)C(CNCCCCCCOCCCCc1ccccc1)O,-8.472370099
Oc1ccccc1C(=O)Oc1ccccc1C(=O)O,-3.58787447
OCC(c1ccccc1)C(=O)OC1CC2N(C(C1)C1C2O1)C,-8.962573502
CCCC(C1(CC=C)C(=O)NC(=O)NC1=O)C,-4.85464868
CC(N(CC#C)C)Cc1ccccc1,-6.049776738
OCC1OC(Oc2cccc3c2C(=O)c2c(C3C3c4cc(cc(c4C(=O)c4c3cccc4OC3OC(CO)C(C(C3O)O)O)O)C(=O)O)cc(cc2O)C(=O)O)C(C(C1O)O)O,-4.71316302
CNC1CCC(c2c1cccc2)c1ccc(c(c1)Cl)Cl,-4.963602891
CC(CC(C1(CCC1)c1ccc(cc1)Cl)N(C)C)C,-6.048982245
CCCc1nn(c2c1[nH]c(nc2=O)c1cc(ccc1OCC)S(=O)(=O)N1CCN(CC1)C)C,-5.453589657
OCC1Oc2ccc(cc2OC1c1ccc(c(c1)OC)O)C1Oc2cc(O)cc(c2C(=O)C1O)O,-4.838341821
CCC(C(=O)OC1CC(C)C=C2C1C(CCC1CC(O)CC(=O)O1)C(C=C2)C)(C)C,-5.797638332
COC1CC(CCC1O)CC(C1OC(=O)C2CCCCN2C(=O)C(=O)C2(O)OC(CCC2C)CC(OC)C(=CC=CC=CC(CC(C(=O)C(C(C(=CC(C(=O)C1)C)C)O)OC)C)C)C)C,-6.830694079
NCC1=CCC(C(O1)OC1C(N)CC(C(C1O)OC1OCC(C(C1O)NC)(C)O)N)N,-5.173697386
CC=C(C(C)C)CCC(C1CCC2C1(C)CCC1C2=CCC2C1(C)CCC(C2C)O)C,-3.630140352
CCC(C(C)C)CCC(C1CCC2C1(C)CCC1C2CC=C2C1(C)CCC(C2)O)C,-3.617741041
OC(=O)COc1cc(OCC=C(C)C)ccc1C(=O)C=Cc1ccc(cc1)OCC=C(C)C,-4.954747435
Fc1cc2C3(CCOc2cc1)NC(=O)NC3=O,-4.753142294
CC(NCC(c1ccc(cc1)NS(=O)(=O)C)O)C,-4.708422176
CC1NC(C)CN(C1)c1c(F)c(N)c2c(c1F)n(cc(c2=O)C(=O)O)C1CC1,-4.769602921
C1CCC2N(C1)CC1CC2CN2C1CCCC2,-4.36992118
CNC1C(O)C2OC3OC(C)CC(=O)C3(OC2C(C1O)NC)O,-3.697469274
O=CCC1CC(C)C(C=CC=CCC(OC(=O)CC(C(C1OC1OC(C)C(C(C1O)N(C)C)OC1CC(C)(O)C(C(O1)C)O)OC)O)C)OC1CCC(C(O1)C)N(C)C,-4.101728869
O=CCC1CC(C)C(C=CC=CCC(OC(=O)CC(C(C1OC1OC(C)C(C(C1O)N(C)C)OC1CC(C)(O)C(C(O1)C)O)OC)OC(=O)C)C)OC1CCC(C(O1)C)N(C)C,-4.122861276
O=CCC1CC(C)C(C=CC=CCC(OC(=O)CC(C(C1OC1OC(C)C(C(C1O)N(C)C)OC1OC(C)C(C(C1)(C)O)O)OC)OC(=O)CC)C)OC1CCC(C(O1)C)N(C)C,-4.129689854
OCC1OC(OC2C(OC3C(O)C(O)C(C(C3N=C(N)N)O)N=C(N)N)OC(C2(O)C=O)C)C(C(C1O)O)NC,-4.463575032
OCC1OC(OC2C(OC3C(O)C(O)C(C(C3N=C(N)N)O)N=C(N)N)OC(C2(O)C=O)C)C(C(C1OC1OC(CO)C(C(C1O)O)O)O)NC,-4.570376347
OCC1OC(O)C(C(C1O)O)NC(=O)N(N=O)C,-3.390183498
O=C1CC2OCC=C3C4C2C2N1c1ccccc1C12CCN(C1C4)C3,-5.679183268
SC(C(C(=O)O)S)C(=O)O,-4.260591371
OC(=O)CCC(=O)O,-3.072205914
O=C(OCC[N+](C)(C)C)CCC(=O)OCC[N+](C)(C)C,-5.421602431
COCC1(CCN(CC1)CCc1cccs1)N(c1ccccc1)C(=O)CC,-7.189095719
OC(=O)C1N2C(=O)CC2S(=O)(=O)C1(C)C,-3.543680253
CCn1ccc(nc1=O)NS(=O)(=O)c1ccc(cc1)N,-4.24611741
COc1nc(OC)nc(c1)NS(=O)(=O)c1ccc(cc1)N,-3.969378073
COc1c(OC)ncnc1NS(=O)(=O)c1ccc(cc1)N,-4.093882297
Nc1ccc(cc1)S(=O)(=O)N=C(N)N,-4.029880477
Nc1ccc(cc1)S(=O)(=O)N=C(Nc1oc(c(n1)C)C)N,-3.888381986
COc1nccnc1NS(=O)(=O)c1ccc(cc1)N,-4.049687706
Nc1ccc(cc1)S(=O)(=O)Nc1nccc(n1)C,-3.597977195
COc1cnc(nc1)NS(=O)(=O)c1ccc(cc1)N,-4.049687706
Nc1ccc(cc1)S(=O)(=O)Nc1nc(C)cc(n1)C,-3.745590249
Nc1ccc(cc1)S(=O)(=O)Nc1nnc(s1)C,-3.607770483
COc1cc(nc(n1)C)NS(=O)(=O)c1ccc(cc1)N,-3.946389648
Nc1ccc(cc1)S(=O)(=O)Nc1oc(c(n1)C)C,-3.904561582
O=C1N(c2ccccc2)N(C(=O)C1CCS(=O)c1ccccc1)c1ccccc1,-4.483047011
Nc1ccc(cc1)S(=O)(=O)Nc1onc(c1C)C,-3.602879981
Nc1ccc(cc1)S(=O)(=O)N(c1onc(c1C)C)C(=O)C,-3.666311511
Brc1c(Br)c(Br)c2c(c1Br)C(=O)OC2(c1ccc(c(c1)S(=O)(=O)O)O)c1ccc(c(c1)S(=O)(=O)O)O,-5.200868767
COc1nnc(cc1NS(=O)(=O)c1ccc(cc1)N)OC,-3.792852302
OS(=O)CNc1ccc(cc1)S(=O)(=O)c1ccc(cc1)NCS(=O)O,-4.907928809
OC(=O)CC1=C(C)C(=Cc2ccc(cc2)S(=O)C)c2c1cc(F)cc2,-4.727824754
O=S1(=O)CCCCN1c1ccc(cc1)S(=O)(=O)N,-4.462935516
CCN1CCCC1CNC(=O)c1cc(ccc1OC)S(=O)(=O)CC,-4.248542543
CNS(=O)(=O)Cc1ccc2c(c1)c(CCN(C)C)c[nH]2,-6.169381127
CCOC(=O)Oc1c(OC)cc(cc1OC)C(=O)OC1CC2CN3CCc4c(C3CC2C(C1OC)C(=O)OC)[nH]c1c4ccc(c1)OC,-7.124938737
CCOc1ccccc1OCCNC(Cc1ccc(c(c1)S(=O)(=O)N)OC)C,-7.4867824
OC(C(C(=O)O)O)C(=O)O,-3.699221359
OC(=O)C1N2C(=O)CC2S(=O)(=O)C1(C)Cn1ccnn1,-4.079602423
CCCc1nc2c(n1Cc1ccc(cc1)c1ccccc1C(=O)O)cc(cc2C)c1nc2c(n1C)cccc2,-5.587632403
Clc1ccc2c(c1)C(=NC(C(=O)N2C)O)c1ccccc1,-6.080250638
COc1cc(cc(c1O)OC)C1C2C(=O)OCC2C(c2c1cc1OCOc1c2)OC1OC2COC(OC2C(C1O)O)c1cccs1,-4.972238336
COc1cc2nc(nc(c2cc1OC)N)N1CCN(CC1)C(=O)C1CCCO1,-6.065752252
CN(Cc1cccc2c1cccc2)CC=CC#CC(C)(C)C,-4.033170343
OC(c1cc(O)cc(c1)O)CNC(C)(C)C,-5.954790629
OC(c1ccc(cc1)C(C)(C)C)CCCN1CCC(CC1)C(c1ccccc1)(c1ccccc1)O,-5.372611426
O=C1C=CC2(C(=C1)CCC1C2CCC2(C1CCC(=O)O2)C)C,-4.857552394
CN(C1C(=O)C(=C(C2(C1CC1C(=C(O)c3c(C1(C)O)cccc3O)C2=O)O)O)C(=O)N)C,-4.12536358
O=C1CCC(C(=O)N1)N1C(=O)c2c(C1=O)cccc2,-4.587880004
Cn1c(=O)n(C)c2c(c1=O)[nH]cn2,-4.317648942
OCCc1sc[n+](c1C)Cc1cnc(nc1N)C,-5.201110117
OCC(C(c1ccc(cc1)S(=O)(=O)C)O)NC(=O)C(Cl)Cl,-3.852750977
NCC(=O)OCC(C(c1ccc(cc1)S(=O)(=O)C)O)NC(=O)C(Cl)Cl,-3.917267575
CCSc1ccc2c(c1)N(CCCN1CCN(CC1)C)c1c(S2)cccc1,-5.902672592
Nc1nc(=S)c2c([nH]1)nc[nH]2,-4.490017423
CCCC(C1(CC)C(=O)NC(=S)NC1=O)C,-4.764285142
CC(=O)OCCN1CCN(CC1)CCCN1c2ccccc2Sc2c1cc(Cl)cc2,-5.47324878
CN1CCN(CC1)CCCN1c2ccccc2Sc2c1cc(cc2)S(=O)(=O)N(C)C,-5.825821269
CSc1ccc2c(c1)N(CCC1CCCCN1C)c1c(S2)cccc1,-4.445023926
S=P(N1CC1)(N1CC1)N1CC1,-5.674903237
CN1CCN(CC1)CCC=C1c2ccccc2Sc2c1cc(cc2)S(=O)(=O)N(C)C,-5.948046253
O=c1cc[nH]c(=S)[nH]1,-4.585282341
CCN(CCSC(=O)C(c1ccccc1)c1ccccc1)CC,-4.816219551
OCC1OC(CC1O)n1cc(C)c(=O)[nH]c1=O,-3.384225347
OC(=O)C1CCCN(C1)CCC=C(c1sccc1C)c1sccc1C,-5.545281676
CCN(CCNC(=O)c1cc(ccc1OC)S(=O)(=O)C)CC,-4.692313085
OC(=O)C(c1ccc(s1)C(=O)c1ccccc1)C,-4.415487983
OCCN1CCN(CC1)C(=O)Cn1c(=O)sc2c1cc(Cl)cc2,-4.852284407
C#CC1(O)CCC2C1(C)CCC1C2C(C)CC2=C1CCC(=O)C2,-6.874638665
O=C(C(c1cscc1)C(=O)O)NC1C(=O)N2C1SC(C2C(=O)O)(C)C,-3.107693001
Clc1ccccc1CN1CCc2c(C1)ccs2,-4.801115128
OC(=O)COc1ccc(c(c1Cl)Cl)C(=O)c1cccs1,-4.599407574
CCOC(=O)C1(CCC=CC1N(C)C)c1ccccc1,-4.914306635
Fc1ccc(cc1)C(=O)CCCN1CCC(CC1)n1c(=S)[nH]c2c1cccc2,-6.298316817
OC(COc1nsnc1N1CCOCC1)CNC(C)(C)C,-5.500263446
OC(=O)C1CSCN1,-4.124402747
CCS(=O)(=O)CCn1c(C)ncc1[N+](=O)[O-],-3.870729865
CCOC(=O)c1c(N)sc2c1CCN(C2)Cc1ccccc1,-4.80129104
CC(C(=O)NCC(=O)O)S,-3.690262216
Clc1ccc2c(c1NC1=NCCN1)nsn2,-5.626188577
NCC1OC(OC2C(N)CC(C(C2O)OC2OC(CO)C(C(C2O)N)O)N)C(CC1O)N,-4.715552548
CCC1C(=NN=C(c2c1cc(OC)c(c2)OC)c1ccc(c(c1)OC)OC)C,-5.18463787
O=C(NS(=O)(=O)c1ccc(cc1)C)NN1CCCCCC1,-4.2706019
c1ccc(cc1)CC1=NCCN1,-4.903675022
CCCCNC(=O)NS(=O)(=O)c1ccc(cc1)C,-3.909478799
Cc1ccc(cc1)C(=O)c1cc(O)c(c(c1)[N+](=O)[O-])O,-4.914101363
CC(C(=O)c1ccc(cc1)C)CN1CCCCC1,-4.690833617
Cc1ccc(c(c1)C(c1ccccc1)CCN(C(C)C)C(C)C)O,-4.609444514
NS(=O)(=O)OCC12OCC3C(C2OC(O1)(C)C)OC(O3)(C)C,-4.706537428
ClCCC(=C(c1ccccc1)c1ccc(cc1)OCCN(C)C)c1ccccc1,-5.086038604
CC(NC(=O)NS(=O)(=O)c1cnccc1Nc1cccc(c1)C)C,-5.019658843
COc1cccc(c1)C1(O)CCCCC1CN(C)C,-4.596449028
CCOC(=O)C(NC(C(=O)N1C2CCCCC2CC1C(=O)O)C)CCc1ccccc1,-5.907283423
COc1cc(C=CC(=O)Nc2ccccc2C(=O)O)ccc1OC,-4.816017505
NC1CC1c1ccccc1,-5.124472728
COc1cc(CC2NCCc3c2cc(O)c(c3)O)cc(c1OC)OC,-6.061188027
Nc1nc(N)c2c(n1)nc(c(n2)c1ccccc1)N,-4.881126896
CCOC1OC(C(C1O)OCc1ccccc1)C(OCc1ccccc1)COCc1ccccc1,-4.556099873
OCC(Br)(Br)Br,-3.451412782
ClC(C1Nc2cc(Cl)c(cc2S(=O)(=O)N1)S(=O)(=O)N)Cl,-6.75640664
ClC(COP(=O)(O)O)(Cl)Cl,-3.838117979
CC[N+](CCC(c1ccccc1)(C1CCCCC1)O)(CC)CC,-4.980687892
NCCNCCNCCN,-3.642603889
Fc1ccc(cc1)C(=O)CCCN1CCC(CC1)(O)c1cccc(c1)C(F)(F)F,-6.488314368
CN(CCCN1c2ccccc2Sc2c1cc(cc2)C(F)(F)F)C,-5.149116915
OC(c1ccccc1)(C1CCCCC1)CCN1CCCCC1,-6.081298675
N#CC1=C(O)C2C3(C(C1)(C)C1CCC4(C(C1CC3)CCC4O)C)O2,-4.614677483
CCC(c1ccccc1)(N(C)C)COC(=O)c1cc(OC)c(c(c1)OC)OC,-4.588237365
CN(CC(CN1c2ccccc2Sc2c1cccc2)C)C,-5.252148826
O=C1OC(C(=O)N1C)(C)C,-3.553702721
O=C1N(Cc2ccccc2)C2C(N1Cc1ccccc1)C[S+]1C2CCC1,-6.738775448
COc1cc(cc(c1OC)OC)C(=O)NCc1ccc(cc1)OCCN(C)C,-4.366626939
COc1cc(Cc2cnc(nc2N)N)cc(c1OC)OC,-4.736146336
COc1cc(cc(c1OC)OC)C(=O)N1CCOCC1,-3.750206444
COc1cc(NCc2ccc3c(c2C)c(N)nc(n3)N)cc(c1OC)OC,-5.481157764
CN(CC(CN1c2ccccc2CCc2c1cccc2)C)C,-4.946543489
Cc1cc2c(o1)c(C)c1c(c2)c(C)cc(=O)o1,-6.13568151
CN(CCN(c1ccccn1)Cc1ccccc1)C,-4.407149536
Cc1ccc(cc1)C(=CCN1CCCC1)c1ccccn1,-6.221939312
O=C1NC(=O)C(S1)Cc1ccc(cc1)OCC1(C)CCc2c(O1)c(C)c(c(c2C)O)C,-4.644969925
OCCN(CCO)CCO,-4.173734474
COC1CC(OC(C1OC(=O)C)C)OC1C(C)C(OC2OC(C)CC(C2OC(=O)C)N(C)C)C(C)CC2(OC2)C(=O)C(C(C(C(OC(=O)C1C)C)C)OC(=O)C)C,-4.388163301
[O-][N+](=O)OCCN(CCO[N+](=O)[O-])CCO[N+](=O)[O-],-6.027083593
OCC(CO)(CO)N,-2.606148496
COc1cc(cc(c1OC)OC)C(=O)NC1CCCNC1,-4.7698884
OC(=O)C(Cc1c[nH]c2c1cccc2)N,-3.310109287
COc1cc2CCN(C3c2cc1Oc1cc(ccc1O)CC1c2c(CC[N+]1(C)C)cc(c(c2Oc1ccc(C3)cc1)O)OC)C,-5.961012613
CCCC(COC(=O)N)(COC(=O)NCCCC)C,-3.739345313
OC(=O)C(Cc1ccc(cc1)O)N,-3.258130726
CC(C(C(=O)OCCOCn1cnc2c1[nH]c(N)nc2=O)N)C,-3.812024737
CCCC(C(=O)O)CCC,-3.538863628
CCCC(C(=O)N)CCC,-3.633579661
CCCCC(=O)N(C(C(=O)O)C(C)C)Cc1ccc(cc1)c1ccccc1c1n[nH]nn1,-4.912279658
COc1ccc(cc1)C(C1(O)CCCCC1)CN(C)C,-4.647229226
CCC=C(C1(CC)C(=O)NC(=O)NC1=O)C,-4.828300497
COc1cc2N(C)C3C4(c2cc1C1(CC2CN(CCc5c1[nH]c1c5cccc1)CC(C2)(O)CC)C(=O)OC)CCN1C4C(C(C3(O)C(=O)N)O)(CC)C=CC1,-6.843905024
CCOC(=O)C1=CC2(CC)CCCN3C2c2n1c1ccccc1c2CC3,-5.845661067
NCCCC(CC(=O)NC1CNC(=O)C(NC(=O)C(=CNC(=O)N)NC(=O)C(NC(=O)C(NC1=O)CO)CO)C1CC(O)N=C(N1)N)N,-4.012001995
CC(=O)CC(c1c(=O)oc2c(c1O)cccc2)c1ccccc1,-6.266296396
O=C(c1cc(c(cc1O)Cl)S(=O)(=O)N)Nc1c(C)cccc1C,-5.725868292
COc1cc(ccc1Cc1cn(c2c1cc(cc2)NC(=O)OC1CCCC1)C)C(=O)NS(=O)(=O)c1ccccc1C,-5.936051702
Nc1ccn(c(=O)n1)C1CCC(O1)CO,-6.750699288
CCN(c1cccc(c1)c1ccnc2n1ncc2C#N)C(=O)C,-5.785805006
OCC(C(C1OC(=CC(C1NC(=O)C)N=C(N)N)C(=O)O)O)O,-5.999098915
OC1CCCCCc2cc(O)cc(c2C(=O)OC(CCC1)C)O,-8.809668302
OCC1OC(CC1N=[N+]=[N-])n1cc(C)c(=O)[nH]c1=O,-4.426903592
ON(C(c1cc2c(s1)cccc2)C)C(=O)N,-3.771385682
O=C1Nc2c(C1)cc(c(c2)Cl)CCN1CCN(CC1)c1nsc2c1cccc2,-5.189371107
OC(=O)Cc1cc(c(n1C)C(=O)c1ccc(cc1)Cl)C,-4.464980437
COc1cccc2c1C(=O)c1c(O)c3C(OC4CC(N)C(C(O4)C)O)CC(Cc3c(c1C2=O)O)(O)C(=NNC(=O)c1ccccc1)C,-4.964903017
CN(CCOC1=Cc2ccccc2Sc2c1cc(Cl)cc2)C,-4.645893135
OC1CCC2(C(C1)CC(C1C2CCC2(C1CCC2C(CCC(=O)O)C)C)O)C,-4.59391931
CC(=O)OC1C(OC(=O)C)C(OC1n1ncc(=O)[nH]c1=O)COC(=O)C,-3.339275408
COC1=C(C(=O)O)N2C(SC1)C(C2=O)NC(=O)C(C1C=CCC=C1)N,-4.040329242
CON=C(C(=O)NC1C(=O)N2C1SCC(=C2C(=O)OC(OC(=O)C(OC)(C)C)C)COC(=O)N)c1ccco1,-4.53205495
O=C1CCC2(C(=C1)C(=CC1C2CCC2(C1CCC2(O)C(=O)C)C)Cl)C,-7.037157319
ClCCN(C(=O)NC(C(C(C(CO)O)O)O)C=O)N=O,-4.889048738
CCCCC(=O)OCC(=O)C1(O)C(C)CC2C1(C)CC(O)C1(C2CCC2=CC(=O)C=CC12C)F,-6.502042257
COc1cc2ccc1Oc1cc3c(cc1OC)CCN(C3Cc1ccc(Oc3c4C(C2)[N+](C)(C)CCc4cc(c3OC)OC)cc1)C,-6.202613901
CCOC(=O)C,-3.547061138
CCOC(=O)CCCCCCCCC(c1cccc(c1)I)C,-3.522534808
CCOC(=O)CCCCCCCCC(c1ccccc1I)C,-3.522534818
CCOC(=O)CCCCCCCCC(c1ccc(cc1)I)C,-3.522534808
COc1c2oc(=O)ccc2cc2c1occ2,-5.556683367
O=C1CCC2C(=C1)CCC1C2CCC2(C1CCC2OC(=O)C12CCC(CC1)(C=C2)C)C,-5.103484756
CC(CCCC(CCCC(C)C)C)CCCC(=CCC1=C(C)C(=O)c2c(C1=O)cccc2)C,-6.033747388
OCCOC(C1OC(CC1OCCO)OCCO)COCCOC(=O)CCCCCCCC=CCCCCCCCC,-4.383680965
OC(=O)c1cc(N=Nc2ccc(cc2)S(=O)(=O)Nc2ccccn2)ccc1O,-3.476459568
OC(=O)C1=NN(C(=O)C1N=Nc1ccc(cc1)S(=O)(=O)O)c1ccc(cc1)S(=O)(=O)O,-4.795572192
OC1COC(C(C1O)O)O,-2.55633114
NC(=O)OCC[N+](C)(C)C,-6.437490276
O=COC(C(=O)NC1C(=O)N2C1SCC(=C2C(=O)O)CSc1nnnn1C)c1ccccc1,-3.709689328
Clc1c(Cl)c(Cl)c(c(c1Cl)C(=O)O)c1c2-c(oc3c1cc(I)c(c3I)O)c(c(=O)c(c2)I)I,-5.706562595
Cc1cc(ccc1NN=C1C=Cc2c(C1=O)c(N)c(cc2S(=O)(=O)O)S(=O)(=O)O)c1ccc(c(c1)C)NN=C1C=Cc2c(C1=O)c(N)c(cc2S(=O)(=O)O)S(=O)(=O)O,-6.460191129
O=C(C(c1ccccc1)(C1CCCC1)O)OC1CC[N+](C1)(C)C,-6.77612211
OS(=O)(=O)CCCCN1c2ccc3c(c2C(C1=CC=CC=CC=CC1=[N+](CCCCS(=O)(=O)O)c2c(C1(C)C)c1ccccc1cc2)(C)C)cccc3,-6.19031088
OCC1OC(OC2C(N)CC(C(C2O)OC2OC(CN)C(C(C2O)O)O)N)C(C(C1O)N)O,-4.589262165
SCCS(=O)(=O)O,-4.613257774
CN(c1ccc2c(c1)sc1-c(n2)ccc(=[N+](C)C)c1)C,-4.692036013
OC(=O)CCC(=O)OCC(=O)C1(O)CCC2C1(C)CC(O)C1C2CC(C2=CC(=O)C=CC12C)C,-5.075805223
Clc1ccc2c(c1)N(CCCN1CCC3(CC1)SCC(=O)N3)c1c(S2)cccc1,-4.808426513
CCCC(=O)Nc1c(I)cc(c(c1I)CC(C(=O)O)CC)I,-4.122545849
C[N+](CCCCCCCCCC[N+](C)(C)C)(C)C,-7.001304842
OC(c1ccccc1)C(=O)OC1CC2CCC(C1)[N+]2(C)C,-5.744406016
COC1CC(=C(c2cccs2)c2cccs2)C[N+](C1)(C)C,-5.426399198
COc1c(OC)cc2c(c1OC)C(Cc1cc(OC)c(c(c1)OC)OC)[N+](CC2)(C)CCCOC(=O)CCC(=O)OCCC[N+]1(C)CCc2c(C1Cc1cc(OC)c(c(c1)OC)OC)c(OC)c(c(c2)OC)OC,-7.344861565
COc1cc2c(cc1OC)CC[N+](C2Cc1cc(OC)c(c(c1)OC)OC)(C)CCCOC(=O)CCC=CCCC(=O)OCCC[N+]1(C)CCc2c(C1Cc1cc(OC)c(c(c1)OC)OC)cc(c(c2)OC)OC,-6.643518526
C[n+]1cccc(c1)OC(=O)N(C)C,-4.115803023
O=C(C(c1ccccc1)(c1ccccc1)O)OC1C[N+]2(C)CCC1CC2,-6.113391973
O=C(C(c1ccccc1)(c1ccccc1)O)OC1CC2CCC(C1)[N+]12CCCC1,-6.330376837
C=CC[N+]1(CCCC1)C1CC2C(C1OC(=O)C)(C)CCC1C2CCC2C1(C)CC(C(C2)O)N1CCOCC1,-5.705919427
CC(=O)OC1CC2CCC3C(C2(CC1[N+]1(C)CCCCC1)C)CCC1(C3CC(C1OC(=O)C)[N+]1(C)CCCCC1)C,-6.864908349
CC(=O)OC1CC2CCC3C(C2(CC1N1CC[N+](CC1)(C)C)C)CCC1(C3CC(C1OC(=O)C)N1CC[N+](CC1)(C)C)C,-6.928110772
CC(=O)OC1CC2CCC3C(C2(CC1N1CCCCC1)C)CCC1(C3CC(C1OC(=O)C)[N+]1(C)CCCCC1)C,-6.804637781
O=C(C1c2ccccc2Oc2c1cccc2)OCC[N+](C(C)C)(C(C)C)C,-5.554749005
CC[N+](c1cccc(c1)O)(C)C,-5.459593087
CC[N+](CCOC(=O)C1c2ccccc2Oc2c1cccc2)(CC)C,-4.799474927
CC[N+](CCOc1c(OCC[N+](CC)(CC)CC)cccc1OCC[N+](CC)(CC)CC)(CC)CC,-5.649105528
CC[N+](Cc1ccccc1Cl)(CCNC(=O)C(=O)NCC[N+](Cc1ccccc1Cl)(CC)CC)CC,-5.561523178
OCC(c1ccccc1)C(=O)OC1CC2C3C(C(C1)[N+]2(C)CC)O3,-7.614393726
CC[N+]1(CC)CCC(=C(c2ccccc2)c2ccccc2)C1C,-5.285971615
CC1(O)CCC(CC1)C(O)(C)C,-3.978362873
Cc1c(c2ccccc2)n(c2[n+]1cccc2)N=Nn1c2cccc[n+]2c(c1c1ccccc1)C,-5.781280162
O=C(OCC(=O)C1(O)CCC2C1(C)CC(O)C1C2CC(C2=CC(=O)C=CC12C)C)CCCCCCC(=O)N(CCS(=O)(=O)O)C,-5.208388306
CCCC(C(=O)OC1CC2CCC(C1)[N+]2(C)C)CCC,-5.16118284
CCCC[N+]1(C)C2CC(CC1C1C2O1)OC(=O)C(c1ccccc1)CO,-5.519967268
CCCCOc1ccc(cc1)C[N+]1(C)C2CCC1CC(C2)OC(=O)C(c1ccccc1)CO,-6.027357454
CCN1C(=CC=CC=Cc2sc3c([n+]2CC)cccc3)Sc2c1cccc2,-5.192284919
CC[N+]1(C)CCCC(C1)OC(=O)C(c1ccccc1)(c1ccccc1)O,-6.239916435
OCC1OC(O)C(C(C1OC1OC(CO)C(C(C1O)O)O)O)O,-3.534402433
CC(Cc1ccccc1)N,-5.130996671
OCC(=O)C1(O)C(C)CC2C1(C)CC(O)C1(C2CCC2=CC(=O)C=CC12C)F,-6.417705313
CC(=O)OCC(=O)C1(O)C(C)CC2C1(C)CC(O)C1(C2CCC2=CC(=O)C=CC12C)F,-6.461896262
CCC(=O)OC1(C(C)CC2C1(C)CC(O)C1(C2CCC2=CC(=O)C=CC12C)F)C(=O)COC(=O)CC,-6.526845298
CN(CCC(c1ccccn1)c1ccc(cc1)Br)C,-5.902056576
OC(C[N+](C)(C)C)CC(=O)O,-3.984645603
OCC1OC(O)C(C(C1O)O)O,-3.255648441
BrCC(C(C(C(CBr)O)O)O)O,-4.86836542
OCC(=O)C1(O)CC(OC2CC(N)C(C(O2)C)O)c2c(C1)c(O)c1c(c2O)C(=O)c2c(C1=O)cccc2OC,-5.349608657
CNC(C(c1ccccc1)O)C,-4.995378188
CCC(C(c1ccccc1)(c1ccccc1)CC(N(C)C)C)OC(=O)C,-5.181030721
CCC(=O)OC(c1ccccc1)(C(CN(C)C)C)Cc1ccccc1,-5.308086413
OC(=O)C(Cc1cc(I)c(c(c1)I)Oc1cc(I)c(c(c1)I)O)N,-8.191114133
OCC(C(C(C(CO)O)O)O)O,-2.339836029
